anomaly_score,is_anomaly
0.01842915347445176,0
0.05254761495875913,0
0.020183147161818217,0
0.009723421490839006,0
0.027577583894653517,0
0.024384015083039588,0
0.10995035803958496,0
0.08552643844829232,0
0.0686743464652955,0
0.09344119875440599,0
0.07526015806629718,0
0.05916178541081672,0
0.027672042610807777,0
0.026379601968437538,0
0.029929431520406963,0
0.031296560935668266,0
0.07569533836557486,0
0.15567805892961345,0
0.08067703823516288,0
0.16044882764608773,0
0.07947486751953395,0
0.039489471625645464,0
0.011836712639821346,0
0.07752937815538855,0
0.14548644811865438,0
0.061755308870103866,0
0.12816786496368793,0
0.022225013500845388,0
0.028900536948330623,0
0.0380117557239213,0
0.03495448036860508,0
0.03598984420255654,0
0.05573535046184618,0
0.03667299213798343,0
0.09674594505708199,0
0.08900442064072335,0
0.145136105352899,0
0.03954205507362246,0
0.017143116145545763,0
0.011303496803703073,0
0.02521122195613906,0
0.10848812067434992,0
0.11752507629549772,0
0.06109407025524008,0
0.012958206255166565,0
0.01850349361182564,0
0.05597469144367807,0
0.14661162775870026,0
0.08774974286438465,0
0.028983831207292355,0
0.03704502065148247,0
0.01991313686591082,0
0.02585533570702451,0
0.034368409299087604,0
0.06413692417696132,0
0.2775394024353543,0
0.06798303673178285,0
0.13133880525443983,0
0.03778871641356945,0
0.08022388656993816,0
0.11035209388858691,0
0.12138440911029386,0
0.05817906821237262,0
0.018065567561257954,0
0.009119975755214707,0
0.019204647133407235,0
0.043463980380644335,0
0.07320556430211753,0
0.053426578610075985,0
0.04103407852913404,0
0.048711979515770096,0
0.061597896966369324,0
0.09359577913825068,0
0.16303514125224378,0
0.024427907300034697,0
0.040914291699683025,0
0.04419989465371342,0
0.05727262288137759,0
0.13620202529667327,0
0.10085145510302268,0
0.021250205040213094,0
0.04138820530628209,0
0.03398419021062648,0
0.060603802068511806,0
0.07421023831086514,0
0.03358027917416849,0
0.08375252027325261,0
0.040280837171016305,0
0.04433538181623686,0
0.04217372359783868,0
0.036794211408208606,0
0.05008642184543074,0
0.06895271013355614,0
0.13399037462888094,0
0.04049670666733342,0
0.12181402223098607,0
0.07343355636013062,0
0.08073962993257897,0
0.05760036102136567,0
0.031720941972969624,0
0.03140584709624849,0
0.024390045397217158,0
0.04923561137057597,0
0.09720429996808783,0
0.09091170948346937,0
0.0217733989588539,0
0.03688568927836784,0
0.030373604233991495,0
0.018019621496992426,0
0.09483177259022238,0
0.02287844536318056,0
0.09165708392709546,0
0.2517563139585922,0
0.3650714231169227,0
0.05421252075523641,0
0.028562939776187794,0
0.09644424385586108,0
0.05044741162643621,0
0.046578502369565886,0
0.10259147838508108,0
0.15638497467422377,0
0.5953998651539187,0
0.4733130144465875,0
0.06230726670485424,0
0.04511974013826548,0
0.03767741074770855,0
0.07252979677557801,0
0.08763406392725968,0
0.0398862119401314,0
0.03597248084517014,0
0.07535621801074592,0
0.04063354140647248,0
0.04315391871439497,0
0.023136667017519503,0
0.027109073760061955,0
0.01272615826967701,0
0.06049144243922582,0
0.023671669390367807,0
0.287230779202398,0
0.1200583700342261,0
0.1549954598065286,0
0.12283320420794526,0
0.06585984796540358,0
0.03827692413354222,0
0.06016117511771372,0
0.07451876707498979,0
0.11774842415618339,0
0.17718300512893317,0
0.04520712311199734,0
0.011898432998111523,0
0.0747035915496592,0
0.06379737596053942,0
0.09697644916952819,0
0.09051425453195107,0
0.06982127701636431,0
0.020824136454973875,0
0.024346044529544402,0
0.02841776554005441,0
0.04589064360510852,0
0.0687793152441232,0
0.12693352476927397,0
0.024006247759954958,0
0.022704889462940116,0
0.038513190747109384,0
0.06067542689972594,0
0.05454089257140536,0
0.04374200795272748,0
0.0797530886965519,0
0.020987605031226913,0
0.06014682429982015,0
0.02038529789617672,0
0.12371729520595014,0
0.10454984317216073,0
0.010976684682679698,0
0.008655065884744342,0
0.11523040726107264,0
0.13120827838544677,0
0.0805286710100822,0
0.055939116010610974,0
0.05670329663677071,0
0.05418678464248571,0
0.06392722029352624,0
0.027503063228017387,0
0.016972003701551188,0
0.04536519938884555,0
0.06533157742647995,0
0.03357687100467864,0
0.04777684217423008,0
0.026708853808409247,0
0.07967678218188341,0
0.08650980439362356,0
0.03730504000132224,0
0.03790898717205049,0
0.044518253384196065,0
0.0550953151303207,0
0.03523990488359509,0
0.14042086554668404,0
0.14915144558818502,0
0.13775196692449185,0
0.11614667280573611,0
0.025652311610357997,0
0.04518380676341662,0
0.030136439083239607,0
0.054812911147487486,0
0.10564023159241537,0
0.061248864773327624,0
0.04666798142173783,0
0.06697241200471228,0
0.04258415318788201,0
0.045304638317101485,0
0.18666787518711012,0
0.15096069313923705,0
0.07089767182414092,0
0.03859210205848071,0
0.07594983306122907,0
0.07550660115574086,0
0.05633797840058999,0
0.07540392596379429,0
0.07082087061268753,0
0.05672855268389547,0
0.054558537833254636,0
0.03531985849429001,0
0.040084790436553205,0
0.04448257370085783,0
0.030226694509648173,0
0.05538173354563594,0
0.07634172533678162,0
0.041063448581344156,0
0.0151715998393722,0
0.019679099913924962,0
0.0962906950421111,0
0.07712385683094047,0
0.036268981580618885,0
0.019059790743265675,0
0.025303376482194096,0
0.03504071594490444,0
0.04996430380608203,0
0.07216529123320006,0
0.0638337189454127,0
0.03862451136673439,0
0.04733141749911381,0
0.028403393069605192,0
0.027159325338197534,0
0.04855537623169541,0
0.05035055843094499,0
0.09678122593191571,0
0.0670754471786311,0
0.067184959229051,0
0.010414998699734303,0
0.008916016266444638,0
0.03418286000962697,0
0.05554956333385851,0
0.034764767776939334,0
0.04472663836769949,0
0.028821428462741144,0
0.029201335257404485,0
0.020760178053462176,0
0.014580699385836192,0
0.03478203004739799,0
0.022161639860262986,0
0.039326867002100585,0
0.09951883293267268,0
0.019716576426543182,0
0.02836113019003236,0
0.04768279700487649,0
0.07289106228204917,0
0.04490426770019327,0
0.03717502262777367,0
0.03719793360359818,0
0.06278847562023734,0
0.10981830119932147,0
0.061094124246449534,0
0.03619836854918713,0
0.132701100348748,0
0.035938035101944155,0
0.08114322093110621,0
0.025511372627308657,0
0.020465933762084044,0
0.033274874163549226,0
0.07471577280857611,0
0.06850891171613442,0
0.048225267667819406,0
0.01681942543597913,0
0.02193831895563001,0
0.017055381658049318,0
0.05981132505220294,0
0.06535772234853929,0
0.048535785243250015,0
0.09309765804660207,0
0.025155621539290855,0
0.021795214692396293,0
0.10997694421079816,0
0.08435242928374095,0
0.0968638757111698,0
0.07611769731242476,0
0.17201537313476253,0
0.02315101340603682,0
0.09024427309821763,0
0.04051426415745782,0
0.02639665817848167,0
0.02721397019472785,0
0.061333733489271514,0
0.0315642604715966,0
0.011046379256201777,0
0.03916249844840371,0
0.05752696371765252,0
0.12114676071962138,0
0.12567442862557623,0
0.07737913196754741,0
0.0307327645090426,0
0.040283044314331294,0
0.09803533088514908,0
0.12821234613278448,0
0.07844726532227343,0
0.06158069560692164,0
0.1024448623815321,0
0.09144013047662874,0
0.126705918111065,0
0.1343879169938917,0
0.01305680441832378,0
0.013426953713940546,0
0.051926142472802216,0
0.010304774513912934,0
0.11034213664656363,0
0.10488615157680696,0
0.058443159773996056,0
0.08247082376441837,0
0.025622881493355912,0
0.1554882212361577,0
0.02940660698230433,0
0.1259434396599683,0
0.02911972107148125,0
0.02504151140004931,0
0.12523471819818288,0
0.0493633484737804,0
0.06459045584542097,0
0.025730941570102184,0
0.034618606874269243,0
0.0544981013077243,0
0.03472401671779355,0
0.08849124067334072,0
0.09005222675859494,0
0.08144998358521513,0
0.03467751379268936,0
0.015502544505191571,0
0.022859176974464702,0
0.03374649409144427,0
0.0766348468016986,0
0.06799115555975434,0
0.045967159616839406,0
0.028113988352770358,0
0.03222738728325959,0
0.03905195357231038,0
0.042558103076902054,0
0.01486496355114557,0
0.07176332117574018,0
0.05414765420206378,0
0.03824865678397313,0
0.04752114587694201,0
0.03158293584663807,0
0.021288099292333648,0
0.06915496297247602,0
0.020835719113298234,0
0.020743269081684956,0
0.07295122161436499,0
0.032919624972359736,0
0.08572531940016224,0
0.040499880383562566,0
0.016961762322955678,0
0.06241972814508565,0
0.11315505446260286,0
0.010247474184455905,0
0.04702022040529298,0
0.06643804380565017,0
0.05294935836903907,0
0.07142835342278354,0
0.13630758603964133,0
0.0726469446816545,0
0.12698503338896375,0
0.22090576501945128,0
0.035633435099927516,0
0.1042359879377942,0
0.03785479350641364,0
0.035533356601100574,0
0.059799734060691105,0
0.061844514303831415,0
0.036522585792228904,0
0.015310691185815458,0
0.022855800966583784,0
0.0516643968940262,0
0.027447570201133975,0
0.06652282764963276,0
0.06867387028762309,0
0.01496120890764388,0
0.04126132041841062,0
0.04342570736178443,0
0.052428940196673345,0
0.05153601773852535,0
0.039604861997427236,0
0.06201608373474975,0
0.0770722668387039,0
0.07244794125090452,0
0.05920493240561081,0
0.052731940534403186,0
0.050639563489458424,0
0.09415445559925792,0
0.05448842731350591,0
0.06569034470232811,0
0.07158933335023361,0
0.02915751530726209,0
0.02335572356774938,0
0.01811757750978928,0
0.03548905662631986,0
0.037805816220848096,0
0.048777616746452875,0
0.06023663104712667,0
0.017371553998912482,0
0.038558440622566484,0
0.061932336837735816,0
0.1108560945335103,0
0.11073332613368944,0
0.04581862957414252,0
0.08319674770295321,0
0.02964341435055505,0
0.06372434286149507,0
0.039560142972974846,0
0.029353971110257924,0
0.031340417525621396,0
0.0553155714738999,0
0.0543957063581812,0
0.06926110349697626,0
0.0469344516251533,0
0.04796729002786549,0
0.021305338861978287,0
0.043729938711518083,0
0.08212873618007116,0
0.10052691015654375,0
0.027506891297071043,0
0.0662359195447388,0
0.022330867128536158,0
0.04848115034888522,0
0.043950968007499897,0
0.0481918290013725,0
0.021441224656980958,0
0.03300346684023379,0
0.014750819067964981,0
0.03806527925905421,0
0.07145089261880443,0
0.07180188531337627,0
0.15380680223580942,0
0.017094064973601275,0
0.019219178521010693,0
0.030933423660477025,0
0.01720038243171085,0
0.04799869312783974,0
0.07683078111524731,0
0.1543711991326401,0
0.01506677302363883,0
0.08347618892418233,0
0.04661501942253957,0
0.02913876216009568,0
0.12352568702377778,0
0.050299390306635515,0
0.027377078993185554,0
0.05840574982369138,0
0.03318882277989264,0
0.06463230464230411,0
0.06445115653545024,0
0.11338054166864886,0
0.08956397706434721,0
0.11749815285308583,0
0.46095820742257854,0
0.5023512343827031,0
0.053161111471436144,0
0.09566821538270077,0
0.10407349713482858,0
0.055306492041884044,0
0.033593893278477116,0
0.030799223084432396,0
0.048711352874278656,0
0.04722499161619883,0
0.03312080703600829,0
0.07666822930320102,0
0.06688035719644901,0
0.019957813701490076,0
0.034094512778715176,0
0.08559843300310509,0
0.08356416870413781,0
0.015574468141685102,0
0.03923966376770997,0
0.22738755749030423,0
0.1196477218959336,0
0.041136942652909285,0
0.01936208188243619,0
0.01175876049557393,0
0.07834673315295791,0
0.08273167844526332,0
0.04773519258040792,0
0.016709211361534772,0
0.018446818004476697,0
0.029999435820206106,0
0.04037974043596445,0
0.04875795384226665,0
0.13563796762802874,0
0.05119013813625327,0
0.025168567984203565,0
0.016111916895430203,0
0.044625842763357064,0
0.046585625552109454,0
0.05418831197057395,0
0.07109044850052082,0
0.012582355154957446,0
0.01768576753039308,0
0.05810581347136192,0
0.10617845935283954,0
0.09669101162424222,0
0.03788077207791242,0
0.06387450528300968,0
0.07492392151173763,0
0.13772233049225927,0
0.20306717158941898,0
0.12686709820280714,0
0.038868890444036894,0
0.06300630349335719,0
0.043770342149219404,0
0.0327321738487298,0
0.21825674289775387,0
0.1683169193580364,0
0.05042487878807076,0
0.049763489204122394,0
0.0168877039555607,0
0.022050663882035602,0
0.01828225177689926,0
0.09410851335077386,0
0.0983837401672801,0
0.06556349348309418,0
0.10582351564557967,0
0.05925280057913534,0
0.01715421426604016,0
0.013616402093676105,0
0.07863137675000102,0
0.034939982571877116,0
0.06688222969850854,0
0.033092754105391656,0
0.053608863288135696,0
0.03579490245083168,0
0.06512474578054941,0
0.05714008186690866,0
0.020801103042594273,0
0.05568130921456348,0
0.06805686116346264,0
0.0819554432762342,0
0.038360538984367705,0
0.034405549106427846,0
0.06283947999581976,0
0.016358842476933474,0
0.02388729862145319,0
0.05169420919613726,0
0.03148619741751518,0
0.16356883419643437,0
0.13653732202366844,0
0.03588901146436252,0
0.049798021776069665,0
0.04927810379380134,0
0.07610898870992332,0
0.08580735607764335,0
0.073750864273039,0
0.06345009661642773,0
0.02691183476878682,0
0.05312487375027344,0
0.04864060414248441,0
0.04746228733216206,0
0.044331720768003104,0
0.08276473841628196,0
0.023810344976298522,0
0.033514149106093225,0
0.03003612320247728,0
0.02569612523717946,0
0.08055111181780278,0
0.09294027225391838,0
0.10189606315841258,0
0.11185194758636012,0
0.15415505005725674,0
0.09328024365621496,0
0.04444484669566175,0
0.03339615804044084,0
0.0358923654474857,0
0.07549871423695999,0
0.07955868636398436,0
0.03810104743906985,0
0.0862796640349095,0
0.04396751723128575,0
0.06387087097539547,0
0.04611209626158643,0
0.12863273037162096,0
0.03429775012100333,0
0.07196670786043918,0
0.03949203416417006,0
0.029698556452601898,0
0.025759774930031763,0
0.039669005981054384,0
0.06039681854391487,0
0.03291132545456317,0
0.04443022612236972,0
0.06186687936251405,0
0.02433242221072919,0
0.04019011792036183,0
0.04107771888427494,0
0.018426480054054444,0
0.05344501203021293,0
0.04841255795510085,0
0.015235316999675086,0
0.03601907240931897,0
0.06872473178026299,0
0.039433879748187115,0
0.05522489788895557,0
0.07099633981916956,0
0.04258620766607815,0
0.024856083732286385,0
0.04024337677654346,0
0.031543720558097274,0
0.042461305767533784,0
0.06027427304588752,0
0.07935651218676666,0
0.13030463452295202,0
0.017378830179058818,0
0.009527655416274055,0
0.06374916533312594,0
0.0537806470470788,0
0.11330694500425557,0
0.01774490979802162,0
0.03566150751043309,0
0.04609451384318489,0
0.019421919077266214,0
0.01730729525421765,0
0.031056267268194437,0
0.01669732065621082,0
0.03137133028472048,0
0.050437678814451783,0
0.030267344626292037,0
0.05357553869322211,0
0.03545158027534012,0
0.06018926670197906,0
0.10326485422200152,0
0.08909780154114198,0
0.01950519543202729,0
0.019238521568406327,0
0.03610009800007689,0
0.04683255306854586,0
0.06553011298472247,0
0.0665797875879902,0
0.05225022584550157,0
0.04219670749798159,0
0.029896801038312482,0
0.06111324129437792,0
0.016358646401249115,0
0.019536598600055,0
0.06703654524688986,0
0.027297442535575544,0
0.015312990851194608,0
0.02530794307966361,0
0.050788858805880494,0
0.15872977334430657,0
0.10956836738941855,0
0.13636556077970738,0
0.03932829866535689,0
0.15147203163601403,0
0.10837741377855444,0
0.02138702325492657,0
0.04719973463917671,0
0.06961966173381902,0
0.030645502987697876,0
0.03342088182068856,0
0.038302002241951544,0
0.08878759710345745,0
0.033140996681862774,0
0.06056121356010585,0
0.0475466301378528,0
0.022549358110824425,0
0.07540692698514484,0
0.020988605839925747,0
0.030550066391690934,0
0.02568232450913131,0
0.05119150934325281,0
0.06463119329551945,0
0.049543472193342535,0
0.019880256990057094,0
0.0610087457827711,0
0.058330114954144405,0
0.04178779689139073,0
0.05840274589595721,0
0.2657165222493025,0
0.05292639799724801,0
0.021876527092076544,0
0.03823651632475334,0
0.04453763633472921,0
0.0281236295656634,0
0.029296652375129097,0
0.008746647570859932,0
0.03166379347172162,0
0.07074035964439687,0
0.08467767240936748,0
0.048338827615248124,0
0.06009054809234615,0
0.10457266077488943,0
0.09198074082712078,0
0.12447464963638827,0
0.06599534924785848,0
0.013331565428127669,0
0.03311857748031686,0
0.01705877500860333,0
0.02202243194619566,0
0.057646237029934454,0
0.07972650040832414,0
0.02142978891161388,0
0.01564153610455024,0
0.015563756139742143,0
0.013371035560663847,0
0.016765019343225496,0
0.08651463913893918,0
0.04853366834969454,0
0.05071365448083876,0
0.03860034646623827,0
0.03739019984743622,0
0.0434753464813605,0
0.0341696227559825,0
0.052374931986588394,0
0.04833302154682293,0
0.009902724382432662,0
0.06741945242164714,0
0.07681583490792435,0
0.14660341292549917,0
0.043304787349023224,0
0.04295059832050189,0
0.1459623478224022,0
0.059722732946702904,0
0.011161686435237827,0
0.020727468050988133,0
0.04177674071176098,0
0.008835457818261203,0
0.137398713294106,0
0.12179438623743903,0
0.018791110950154736,0
0.013948440235759169,0
0.062185226460748734,0
0.05581488886431597,0
0.06398488049897619,0
0.034896615525872254,0
0.030520627247453254,0
0.06197738883469947,0
0.09384811018590683,0
0.0488009172203513,0
0.017956978858867725,0
0.020575244934773574,0
0.12733991771640546,0
0.03893680535358862,0
0.049506034817634895,0
0.03232035193199335,0
0.05639606374080662,0
0.02456562977070208,0
0.022418386314442394,0
0.020039546077194097,0
0.06863713678874617,0
0.011079499116003895,0
0.02712318322001059,0
0.04303142518827764,0
0.05081568427077016,0
0.023009772793843756,0
0.09574449246483456,0
0.03222615625133081,0
0.0586378485001234,0
0.11455916626152489,0
0.1306673226115144,0
0.23172001285004015,0
0.1196678547794901,0
0.04994510888137821,0
0.03585807949004781,0
0.04418531207003406,0
0.05383276949192573,0
0.04477665075374831,0
0.03180986007093151,0
0.02815939234976984,0
0.04077179331475797,0
0.05146124024042627,0
0.048467879814540794,0
0.06275904235995018,0
0.041645479441877964,0
0.020999747438797765,0
0.026554276987040583,0
0.0772874008205102,0
0.09327304939515497,0
0.08263211931534559,0
0.03763206317633673,0
0.028180627674829584,0
0.024224519444695888,0
0.020159125020116173,0
0.06477328170601299,0
0.03916114710012826,0
0.034632140033632595,0
0.026152889518574644,0
0.03909809228955564,0
0.024786152452313453,0
0.04352577961607985,0
0.04310571622080301,0
0.054977655125807705,0
0.0912737206156993,0
0.017444113890812657,0
0.029411087608961852,0
0.03757076967166154,0
0.04953605570799613,0
0.044608784394292646,0
0.17585820660092524,0
0.15984023590350765,0
0.008991092218150122,0
0.02116716474251497,0
0.042985081513276464,0
0.03340275765367226,0
0.05594669135952092,0
0.05868781435181843,0
0.21570236163111,0
0.44856188774526656,0
0.461586733403902,0
0.04705198666628,0
0.07725132940366711,0
0.096153459213493,0
0.06278789921868792,0
0.03495140052246865,0
0.014246871333489583,0
0.05636187696398468,0
0.015311563180751844,0
0.08826897315155469,0
0.11429343590178125,0
0.07692774583734757,0
0.018169463034981986,0
0.04070136250913541,0
0.01801151775608047,0
0.02659218934779701,0
0.052274639205985615,0
0.06332062197108014,0
0.04529151725761711,0
0.0205832245616212,0
0.016850716947622083,0
0.0454135575661066,0
0.05632112494573864,0
0.13804674844193174,0
0.0812741455441234,0
0.15945180517157193,0
0.14540013755432765,0
0.04010191090711828,0
0.06439188029629028,0
0.031244719332419322,0
0.04256622758031495,0
0.02755825989442388,0
0.023845813274762002,0
0.1654056040012819,0
0.03389322439562467,0
0.014335186601783323,0
0.05009225857341263,0
0.06470223363142354,0
0.06590965358885237,0
0.05727139113417225,0
0.019543477527559566,0
0.0506205962311876,0
0.06396893855711118,0
0.09572678165940861,0
0.16386172763767065,0
0.08023811265333751,0
0.02642433439550387,0
0.03838733349403736,0
0.0502417459121719,0
0.08201927359887415,0
0.0782019759999667,0
0.03358322129904467,0
0.07271055756820531,0
0.18119582388997546,0
0.05343355976664838,0
0.033912397556809665,0
0.1503517665874619,0
0.15627927739751052,0
0.019002292638872247,0
0.047680218196012134,0
0.042429831588801925,0
0.022032194874172212,0
0.03530988853550758,0
0.010930685106781935,0
0.05193971247862397,0
0.011882872288056996,0
0.04619410382112756,0
0.03819498920402508,0
0.03290801747790925,0
0.03757381785394081,0
0.06798174401490684,0
0.04330467904083654,0
0.01906043408400366,0
0.045094646029476416,0
0.2519218095192366,0
0.16400164383789015,0
0.09175897075876503,0
0.0947932423964965,0
0.11476032881092556,0
0.05971163500462799,0
0.022100989288048455,0
0.013929132270224964,0
0.07120918701352232,0
0.08057741449187845,0
0.07574583063688681,0
0.07599278451968468,0
0.01774792962049118,0
0.32654601636131997,0
0.17201913082599524,0
0.08172720689752247,0
0.07571080605590051,0
0.040212916352204336,0
0.06926661466930181,0
0.09977351593633758,0
0.05877607511630942,0
0.09440929150174061,0
0.035821337807940605,0
0.05491157705491992,0
0.055244629608057656,0
0.06598087124587769,0
0.011143502108917482,0
0.021709202327810023,0
0.026219054545736382,0
0.02210982222311524,0
0.03836923460546106,0
0.06367690471272185,0
0.032240738198435266,0
0.02905291482857379,0
0.027048491862608444,0
0.032295658726851764,0
0.03583972888682234,0
0.02803398434414816,0
0.07185973655051259,0
0.012375376856024294,0
0.15176093645343883,0
0.09329238820890846,0
0.0732128895851547,0
0.06675640373139177,0
0.03609275347128543,0
0.10841502348403866,0
0.02284492640184836,0
0.06928339379562887,0
0.08803045845649296,0
0.04896120719893083,0
0.2251958946423851,0
0.05961625303055718,0
0.05798679933608955,0
0.013143645285142084,0
0.014128612990135058,0
0.06388603484124393,0
0.05940837315485775,0
0.037479674716607875,0
0.05472432125391574,0
0.016761603641749147,0
0.03184527553018905,0
0.058495505975633744,0
0.03279486569910305,0
0.07626188471678916,0
0.0717422948968699,0
0.028309185918934054,0
0.11410551563275162,0
0.015540185831376773,0
0.07593468954236159,0
0.06729342799387726,0
0.028378348829280017,0
0.025753410211381948,0
0.04091204354820298,0
0.029044418714290535,0
0.02741123880000856,0
0.014951416374315723,0
0.020024802822541665,0
0.022992094206552353,0
0.06691348307556627,0
0.03470065511255444,0
0.0313481798625157,0
0.08496232834431319,0
0.0725235387636774,0
0.04999877232836826,0
0.04575247236057843,0
0.0633686940969456,0
0.02565420934931945,0
0.034923664662681805,0
0.08832773352706653,0
0.11385452208637549,0
0.06595735821808305,0
0.06563684055636512,0
0.06704219995375708,0
0.043248737940437224,0
0.035391905788309364,0
0.05589204038470809,0
0.02485982705044199,0
0.03916364195062036,0
0.043582787003954605,0
0.03500098359679554,0
0.01786515303226005,0
0.02737194899721488,0
0.05488868474128593,0
0.07646803991907461,0
0.06414335727102957,0
0.1627727856718291,0
0.07536989974002424,0
0.12076987479340358,0
0.028985402465508785,0
0.0551100489920552,0
0.04082004790664469,0
0.11835427445571406,0
0.03878580241383549,0
0.010358289156128596,0
0.03207458063309604,0
0.05112672862323427,0
0.03910786813500201,0
0.0744872771509979,0
0.054281720937750536,0
0.06438031769114537,0
0.05905682945409351,0
0.025361604424654505,0
0.06312036392818998,0
0.07143603045921736,0
0.12414553598605343,0
0.0692215226703242,0
0.05230510452845922,0
0.04540760669684387,0
0.02651113251503505,0
0.020757858657836428,0
0.027563851813827266,0
0.033240109955166124,0
0.03454039870114781,0
0.039673373007806,0
0.021348151937875648,0
0.05522672351524502,0
0.09926773844367014,0
0.028482093227195828,0
0.05253330883660372,0
0.04116381624408108,0
0.06310140428356774,0
0.03702799691389599,0
0.0920051517227768,0
0.01769106257207953,0
0.13193437664762192,0
0.10277838955475685,0
0.03972597355448497,0
0.029282781770288018,0
0.0367010378596147,0
0.04603529117272619,0
0.08102507722493822,0
0.031141167886010717,0
0.016570659733941725,0
0.025155969062403874,0
0.03765696332314495,0
0.045835521850136625,0
0.06854106113571039,0
0.09147737609651968,0
0.1542254076765369,0
0.21068109758786513,0
0.09119134575853723,0
0.12849457807774786,0
0.06307339564585078,0
0.045123629126010596,0
0.013092226222808982,0
0.05926355856336179,0
0.0328738577331038,0
0.01466629543727407,0
0.1105621472619964,0
0.15864421848484728,0
0.05327943024531684,0
0.06056964170410514,0
0.030850289278566555,0
0.061426963126696515,0
0.1163873661684067,0
0.04656955113823445,0
0.06619829098862663,0
0.044880654466196,0
0.04643190326652431,0
0.03841239200829318,0
0.009421180949215248,0
0.02594125184616281,0
0.05595067584669174,0
0.060953763097637746,0
0.06470292682344768,0
0.07117191180131191,0
0.06785793065004743,0
0.017204362325508194,0
0.03761041986557769,0
0.10301370974569944,0
0.06517696216661749,0
0.06355003271948395,0
0.06473469823108251,0
0.03223646802659324,0
0.02925078443460843,0
0.0432932961096223,0
0.042022878480703366,0
0.07977786795057598,0
0.14550572744015872,0
0.05567986127735518,0
0.023497333676623086,0
0.03216524415483307,0
0.03103870851974258,0
0.055446384861525845,0
0.104116747765408,0
0.08450998306929024,0
0.060676850446226296,0
0.08649552677023192,0
0.10778994052061065,0
0.06355868420949742,0
0.055455559088514995,0
0.014089729338980148,0
0.03342474373081046,0
0.02713530390955833,0
0.04515079566732659,0
0.1044615842394512,0
0.08715598337445303,0
0.087210297037255,0
0.04155699963573754,0
0.022359608542068303,0
0.05080373432040634,0
0.04119723553191342,0
0.04545252014492836,0
0.05006865757857862,0
0.05854512591040414,0
0.06267637560694185,0
0.03586945796847104,0
0.04863939996022442,0
0.055959585809875576,0
0.06278478388537626,0
0.074748027231871,0
0.07752916930905933,0
0.06776046085721531,0
0.06638144508247384,0
0.06096528730268735,0
0.054010910631029564,0
0.10156920870071709,0
0.07923528885170358,0
0.10807009355103121,0
0.025262787337862108,0
0.05178625786047885,0
0.031689832845040546,0
0.03646949051702095,0
0.021083340390314145,0
0.030635569061876484,0
0.0816087075061754,0
0.07609159951628353,0
0.0652466995656485,0
0.03579282302285767,0
0.04086609341885684,0
0.025365732869941055,0
0.04555905705371617,0
0.055035048284854386,0
0.04815768012018593,0
0.022926288412447503,0
0.06352475725626823,0
0.054277806804769735,0
0.02602644345649568,0
0.047242875127461774,0
0.11305348757082131,0
0.026409371467662028,0
0.015175789007339695,0
0.04699864946882497,0
0.054784549045292175,0
0.07140675273593282,0
0.11768368954039328,0
0.1272885961003779,0
0.0549280200580682,0
0.03662101222765538,0
0.022800308086915487,0
0.02690119862794491,0
0.041107626373033834,0
0.02876203555928595,0
0.07259594890871282,0
0.021857523557639116,0
0.5250211141965749,0
0.610058007057828,0
0.040010413839378166,0
0.10265713240998914,0
0.1017146900192587,0
0.0644335756018128,0
0.029636993151049115,0
0.04518220713269295,0
0.04803142765017466,0
0.06856880401501333,0
0.08389216426358743,0
0.051171143342352406,0
0.04801545348274068,0
0.015304633282554596,0
0.06975595631236242,0
0.03410805604532299,0
0.087353308101953,0
0.06894728553045712,0
0.051296627924427136,0
0.05087412091359909,0
0.01889741406851276,0
0.026712697807234256,0
0.04899371363793291,0
0.0547471970716093,0
0.08343768384107364,0
0.1528213399255049,0
0.16027310571055312,0
0.09394173384081375,0
0.024105315226634175,0
0.07079679562818753,0
0.07361232325413837,0
0.07347034128126836,0
0.06072125190529383,0
0.019002861548346066,0
0.03145069891168016,0
0.04087326673614706,0
0.07732446596373159,0
0.0454394817421052,0
0.048204885678557026,0
0.04803905526815685,0
0.05660912028946188,0
0.04696230508829551,0
0.06151030311419008,0
0.08692348591528656,0
0.05032861275351736,0
0.0761753133565981,0
0.09277855095726084,0
0.02599240168546566,0
0.03638761472508081,0
0.048016891882300336,0
0.032160246846561984,0
0.07674430463044625,0
0.1426719645897016,0
0.15386155714627864,0
0.025195214828251596,0
0.02455827104790955,0
0.018328440075164095,0
0.16524459349418158,0
0.12143306597061494,0
0.05529685311883627,0
0.06855399303744436,0
0.08922323248787369,0
0.022350966352529675,0
0.08409312281644146,0
0.015353883880781287,0
0.012497753358040823,0
0.04007083583279791,0
0.04425133260068078,0
0.06885362514881747,0
0.04671412415845828,0
0.017082800119434305,0
0.033624917228819884,0
0.041160492156237724,0
0.025050089838860243,0
0.02819462864922003,0
0.030610599462745275,0
0.11862296926149733,0
0.03693346226153367,0
0.0279206601287927,0
0.023761101870744122,0
0.016962649808161208,0
0.03864650032048316,0
0.10669056805139844,0
0.0444980553226146,0
0.07183114974767434,0
0.07988977686128253,0
0.08491264338980249,0
0.041959197149694066,0
0.1324814480955378,0
0.15111602621164152,0
0.0972664212586257,0
0.043872739916330075,0
0.016978033938932664,0
0.053891215572518414,0
0.043426346149340336,0
0.01421640882725719,0
0.020475443813286566,0
0.09556928548389194,0
0.09672704073858247,0
0.06975694596041877,0
0.060086417192762226,0
0.060911714648290635,0
0.04816656696806539,0
0.11672331927018957,0
0.08197294415261994,0
0.06836229123277239,0
0.02877957987472134,0
0.05409645774932179,0
0.07634889415203457,0
0.10246131804621544,0
0.03041021789692388,0
0.04821892427578618,0
0.10783542675117055,0
0.02161580707145941,0
0.02959050513082837,0
0.0412246758752408,0
0.0673308434190575,0
0.05241235251376159,0
0.05465289673111317,0
0.09023697181660573,0
0.07376283866521421,0
0.37655777267374885,0
0.3563898048937108,0
0.0503852606751987,0
0.05035756225448963,0
0.03891401708392372,0
0.10064421611604174,0
0.014042811707974924,0
0.03557249907637511,0
0.1343839226267426,0
0.09870786516961338,0
0.11618020578567376,0
0.06546695121595934,0
0.03292118100762626,0
0.03612911140132781,0
0.03909767741490278,0
0.06613664094557417,0
0.07616310623813077,0
0.059516181883735086,0
0.0679062191795287,0
0.06203326243523309,0
0.033200933257309405,0
0.04926769759973275,0
0.04743067318198444,0
0.0431125179754858,0
0.09292597832480481,0
0.06928153124107188,0
0.03979687747372471,0
0.01772372930266075,0
0.14680604789394633,0
0.0629050013156751,0
0.14749453377346178,0
0.04278187767265886,0
0.05040371182624925,0
0.02481733661882264,0
0.06615496056429011,0
0.06494166603879867,0
0.053038515056951674,0
0.02352059420973371,0
0.034734257570184765,0
0.06018939368809879,0
0.04137550059515596,0
0.01677077142338309,0
0.020973713565488983,0
0.011122545208184391,0
0.031769183419011346,0
0.06743573032347919,0
0.050831530525840114,0
0.022180525785548924,0
0.035543807999838146,0
0.055678288123241035,0
0.1175568608077334,0
0.07937841063271125,0
0.06543595662913004,0
0.20781245933147555,0
0.14298863183328517,0
0.08428193858718062,0
0.03851059139730719,0
0.04207486901154298,0
0.06258305787004091,0
0.02304775762404952,0
0.026695901145837402,0
0.01471063056017285,0
0.04523648427232013,0
0.07140939589117337,0
0.056162959749848196,0
0.07296338048125714,0
0.029107217028239703,0
0.022933944709080716,0
0.05318541237471423,0
0.03485812587899864,0
0.03658600183549245,0
0.0707900062199067,0
0.036261623050483444,0
0.020579313172921433,0
0.024924474573475377,0
0.05362376946001652,0
0.06278197999889312,0
0.09651412595431641,0
0.07274682159832876,0
0.03417954125646292,0
0.030055520337501127,0
0.029608358718048514,0
0.019386905202344925,0
0.07980070309799006,0
0.06522969874762845,0
0.05939115306186057,0
0.03440306681878124,0
0.03484106488823557,0
0.03778935362984036,0
0.08882006544494883,0
0.11808506683754574,0
0.09355614705854527,0
0.09073480944911981,0
0.01817757148954825,0
0.015320497564225394,0
0.02850545158640936,0
0.048379808804185236,0
0.055048695515421305,0
0.06077147100047726,0
0.026061605426701193,0
0.044664825217876,0
0.09121271923528483,0
0.01660077458620414,0
0.02933435808325431,0
0.0227129354163297,0
0.011270726048851813,0
0.02567867265886857,0
0.11115241003788927,0
0.14362101618492454,0
0.011195321915395687,0
0.03894877737213312,0
0.031545112771751524,0
0.04707641180170873,0
0.15180440235866413,0
0.10124771479799467,0
0.05677836875255327,0
0.06442527754819372,0
0.040876371723531306,0
0.016800162946061414,0
0.015110818570563882,0
0.034966144498797314,0
0.02324166710518352,0
0.0326089199540545,0
0.07465929503952813,0
0.039404004616589904,0
0.01380789069158872,0
0.02128726988315572,0
0.030977724111448886,0
0.04237455182135888,0
0.10405473903462271,0
0.04755473677458519,0
0.04934530443366443,0
0.06026357423420551,0
0.04162159941702636,0
0.021752276983380614,0
0.038260402500595134,0
0.013067468358432985,0
0.07473953040874907,0
0.05015093698918137,0
0.057755660080198244,0
0.031650821549496964,0
0.014899214216568321,0
0.04203379883338796,0
0.02669786864316901,0
0.042868814781926376,0
0.059236901093231424,0
0.0747051207822992,0
0.03484903093657998,0
0.029629327081836347,0
0.057718275057615474,0
0.04110544794318506,0
0.04303860028523801,0
0.05725495220932811,0
0.009726371186046029,0
0.15973480758970313,0
0.038474090115235886,0
0.056311548883672666,0
0.07271537885378794,0
0.06852817983393074,0
0.03184263683730303,0
0.031406199194855676,0
0.03405509282043928,0
0.07025553353926595,0
0.07179723742979784,0
0.06313703112221956,0
0.07531487780224391,0
0.057744102305059525,0
0.05250133846136186,0
0.012468369310165215,0
0.013931360607487226,0
0.05062030003600116,0
0.038366440683712456,0
0.060311290342640864,0
0.012341508494545473,0
0.041495536315849464,0
0.02354695094345176,0
0.09666505963265411,0
0.06643837874542677,0
0.04298409097696929,0
0.05501536614392008,0
0.02253094730658747,0
0.07694802729683332,0
0.10767479667555097,0
0.03279214710006386,0
0.08557591398516193,0
0.0314258910560964,0
0.012010531442158162,0
0.033240812978447505,0
0.03787592136290758,0
0.044432930099033194,0
0.06278964606463355,0
0.022415827203485308,0
0.04969477326108713,0
0.12773884712593672,0
0.06600230636740341,0
0.0484970643212825,0
0.07965279864820952,0
0.03940158329440342,0
0.08740644299690375,0
0.05614211942567198,0
0.07140735944863805,0
0.07355382997344671,0
0.02361905638652233,0
0.04502350291643751,0
0.059789384531765334,0
0.07649307971766114,0
0.04350239296166623,0
0.028577412355138887,0
0.022565230233677805,0
0.022403048958505384,0
0.06446020075982144,0
0.018671492357536578,0
0.06950809207328078,0
0.0357299029509788,0
0.05812137502856239,0
0.03451380181431423,0
0.0743642914336952,0
0.06931331289393701,0
0.05482697273323452,0
0.06010479556517102,0
0.08259256767917685,0
0.027660056495579757,0
0.04303677434745452,0
0.05222946169753774,0
0.04045635158952441,0
0.018082994963834715,0
0.021364007875889667,0
0.024796832322950768,0
0.4392625357927418,0
0.4410064011044493,0
0.03866660485859224,0
0.0664005565219892,0
0.03297482944614775,0
0.028160720716816454,0
0.08022501505588532,0
0.040988082386956476,0
0.05636956263843751,0
0.0837660806219341,0
0.06473459906951944,0
0.03326138030850905,0
0.0214610079248512,0
0.042565017936898014,0
0.02481482329827824,0
0.03281064928740417,0
0.028263071719553275,0
0.05821606010649125,0
0.03128494056371317,0
0.03134938772303665,0
0.027646544438195062,0
0.047743703628928574,0
0.06545436472262402,0
0.023416134487685463,0
0.03816939059847695,0
0.08441654055916539,0
0.09089137109969095,0
0.12739685602468995,0
0.13906171023242278,0
0.06355505261296343,0
0.03866688745650463,0
0.062216479237982555,0
0.03430455465667081,0
0.02399974978599654,0
0.043772159848938334,0
0.030792937672126805,0
0.02044516456908169,0
0.04502834016354748,0
0.09422648432098109,0
0.08008234193660078,0
0.06129328070624316,0
0.04803366891642713,0
0.019831253204511456,0
0.02668420436907029,0
0.0494965124832861,0
0.04073702397295872,0
0.0705327872990215,0
0.03277118839118108,0
0.015935032356542637,0
0.02646734345103146,0
0.06695674836082958,0
0.10736127805265873,0
0.2019728421112054,0
0.29319597105379036,0
0.058435581780866226,0
0.05180455203424512,0
0.09961124762268196,0
0.051536154032819595,0
0.04559038234194716,0
0.1878874345833891,0
0.539913493758949,0
0.14514252895926882,0
0.015746258652174203,0
0.016110314638576904,0
0.022097145119575307,0
0.02567841529685148,0
0.04713700115188543,0
0.05209754067007565,0
0.13063213181162403,0
0.07187790778442936,0
0.028998187636195667,0
0.06165285413837333,0
0.05941315831075221,0
0.05415666246973517,0
0.04519139862291806,0
0.01892111060515758,0
0.022250800898155728,0
0.05773328669661388,0
0.04523356389975287,0
0.02872625003881082,0
0.06613362161113984,0
0.029204552907259033,0
0.07191706062881371,0
0.031286529777229274,0
0.027535260169330857,0
0.053854563639776525,0
0.07292855396963419,0
0.05534556444851508,0
0.04187538945765706,0
0.03176933172584136,0
0.06779076754327178,0
0.045916679965692445,0
0.053883330490033944,0
0.009083770403038911,0
0.027459411039757176,0
0.21004958994084474,0
0.190059035853902,0
0.03328218894376751,0
0.029551822811525155,0
0.06925928504935973,0
0.10923788192940483,0
0.0719447894589712,0
0.03578802753226608,0
0.062285158770344407,0
0.03287352666039348,0
0.08205249059137155,0
0.05422566351600396,0
0.04382259974143712,0
0.04523595989603657,0
0.04060970445517965,0
0.03981133068357406,0
0.04857067557669463,0
0.06173139421711446,0
0.025032752418042033,0
0.05738934748330965,0
0.13246046877786516,0
0.09160663311656729,0
0.12805560143593406,0
0.06570389230166263,0
0.013146170259180839,0
0.05943878932720333,0
0.05684866518064164,0
0.08499709359373449,0
0.04044076785392138,0
0.06751497701795003,0
0.17459828695746016,0
0.1322924284230508,0
0.07612336074726701,0
0.3418723353220265,0
0.31952154731953664,0
0.02893935151085016,0
0.08925341505241587,0
0.05342101561592384,0
0.030487398618407716,0
0.03659013771238785,0
0.024443144690893173,0
0.043013847664466906,0
0.06110626896654971,0
0.07789689682522706,0
0.07958098251497023,0
0.08026088072773664,0
0.06988591811294426,0
0.025025254648091667,0
0.05231163383418534,0
0.0647986666605594,0
0.03394059971424504,0
0.02091355081908776,0
0.07783111589771276,0
0.014337593609316721,0
0.036446969418764914,0
0.07372942642875069,0
0.062199426427271,0
0.046150325198923786,0
0.03966829089751126,0
0.0309478754571699,0
0.026181529557228595,0
0.035797363899521914,0
0.05544684063990209,0
0.06998994406502713,0
0.06471397525002996,0
0.07367119585490622,0
0.02385648841419961,0
0.04349038541131985,0
0.09743304220392127,0
0.07771605760510089,0
0.03381905893351924,0
0.04861339477350214,0
0.02949144627891193,0
0.03237390348531342,0
0.06851651742130656,0
0.033853198248031714,0
0.06580402406694028,0
0.12063925615364568,0
0.05562733555531578,0
0.04989002631499994,0
0.027562192296329953,0
0.025857618410254225,0
0.050302953957152556,0
0.04051433830327794,0
0.15622852611455687,0
0.10686936486759299,0
0.05949432958557339,0
0.0638844282917729,0
0.05133384970353574,0
0.044090408768370934,0
0.05745318332888136,0
0.03944748891954657,0
0.008765557086445792,0
0.03216431502504639,0
0.04188309970268554,0
0.054481313429553466,0
0.03575332188106675,0
0.024676325776611267,0
0.019529541782194015,0
0.03239960684551225,0
0.062132225894451755,0
0.049000111563358116,0
0.0922117933286549,0
0.04806901540542562,0
0.07273634981532379,0
0.029179530592291,0
0.03146497022989587,0
0.02008139241987022,0
0.05779903306733461,0
0.06802615456385629,0
0.04446443244676273,0
0.04176629044228434,0
0.0837934104088817,0
0.04430602911458047,0
0.1576666527338984,0
0.1262947743921945,0
0.05296719901718189,0
0.036366705712170065,0
0.016041875425447022,0
0.07252927582059064,0
0.07432454505456162,0
0.012735445627978462,0
0.05361036937223905,0
0.021437568121260298,0
0.052367689981759794,0
0.1823816741744386,0
0.04927053587852026,0
0.03656389929351874,0
0.047102483913598676,0
0.0429403894911377,0
0.025393079815434653,0
0.028503810799776524,0
0.037324736946535514,0
0.02218675148154063,0
0.016127834863344386,0
0.08751483469638577,0
0.07099428163076534,0
0.029498806066030593,0
0.013618830905165498,0
0.3622854326007114,0
0.5121463359714477,0
0.051382021012952105,0
0.05220073590309706,0
0.05592366215827549,0
0.0376592962116998,0
0.036965631234268465,0
0.09861957388331383,0
0.172616639940054,0
0.1458857790467389,0
0.027365193063374312,0
0.0260674587734729,0
0.04301506202067553,0
0.04762584901341969,0
0.02743566489724166,0
0.05754572581057989,0
0.019344357758161256,0
0.025088782054352922,0
0.03638320263857868,0
0.0516782596071309,0
0.027027267912884824,0
0.04092289545651431,0
0.031233482563699864,0
0.15018598212868184,0
0.03713326865982945,0
0.046658457272545896,0
0.028967823138571287,0
0.057210725700428205,0
0.12516535671198573,0
0.15792044547900547,0
0.11148054808743012,0
0.06533211220584606,0
0.03844924914358127,0
0.04337088176289084,0
0.046324039638017324,0
0.041880991507316986,0
0.054456542344048946,0
0.04668837615040682,0
0.017999426084343163,0
0.016126236611992358,0
0.03845506604459927,0
0.10604446790969427,0
0.029204512352619567,0
0.016921129864103896,0
0.06075891917137626,0
0.02903524520806343,0
0.0752226412648587,0
0.03283228081611802,0
0.04045455306481901,0
0.0636583205840565,0
0.056411792542745684,0
0.04940741621967046,0
0.07280581385417459,0
0.022286524107075774,0
0.036642431609747006,0
0.035695229006210354,0
0.027368409423742544,0
0.031226611293869715,0
0.030430943326052187,0
0.06832791870736231,0
0.07918494798848566,0
0.033505247664527615,0
0.04060694116260228,0
0.07575745493954027,0
0.16451073711918338,0
0.09162212228456104,0
0.09428612607488372,0
0.009877254341909149,0
0.009770560321571666,0
0.01935462845200939,0
0.04876284329408643,0
0.08293817428016412,0
0.013908896528067654,0
0.015564680774313024,0
0.01328804096035199,0
0.04663742919672371,0
0.03151071544392062,0
0.09330549327222497,0
0.04876395725451807,0
0.07451141242259533,0
0.04658191783933129,0
0.04339393902380695,0
0.04266836028401353,0
0.019885299613829326,0
0.18813266674224297,0
0.1260661530405163,0
0.030956074754099776,0
0.009765259086382197,0
0.05346209926677718,0
0.06809757046332222,0
0.05299986233761989,0
0.074838027542536,0
0.06772103121991412,0
0.044063305061160844,0
0.025045648874156973,0
0.09144410780608819,0
0.11208821069484622,0
0.043879377484104046,0
0.08152050055370134,0
0.022714603182652445,0
0.03347935199233719,0
0.0650831628930116,0
0.06792174571384774,0
0.02454051206692698,0
0.058134512671641936,0
0.05410205611961476,0
0.04694469441883318,0
0.0394714833872181,0
0.0487252226706925,0
0.03706311716741886,0
0.02547860546855928,0
0.062036236992968175,0
0.02142867770651306,0
0.044588253952292004,0
0.031336201695842524,0
0.03680289680374209,0
0.034121978255993723,0
0.03339212376880058,0
0.06624676518579055,0
0.05631622934453894,0
0.06230181321651202,0
0.05156652080543035,0
0.5357453760617644,0
0.5749204554136901,0
0.03911741097047974,0
0.0772027349225914,0
0.04939521542822923,0
0.05530935884055146,0
0.07730442788646462,0
0.05871631727314671,0
0.07222082343538667,0
0.02137044444625372,0
0.0942002125761162,0
0.016163654648842802,0
0.05414785794434472,0
0.04077387058461066,0
0.2617619709171569,0
0.052511593620654676,0
0.0949176690438225,0
0.08943091043629955,0
0.048442256297728435,0
0.23285680521991706,0
0.21413047456526108,0
0.07629347641204444,0
0.059270368573400074,0
0.07855252048027628,0
0.06518581462782491,0
0.04258073594313617,0
0.035405251777575114,0
0.030836398077232225,0
0.023974650685154864,0
0.052249609332652464,0
0.08239803430834539,0
0.05270779901771092,0
0.03725482564797661,0
0.029633226879522485,0
0.02675902462956742,0
0.08216524908187103,0
0.055309869068422876,0
0.03711623342012703,0
0.052419506579620155,0
0.04616739379721403,0
0.027604752141216472,0
0.023983521215774167,0
0.05836794442805694,0
0.10930204487778736,0
0.0414686135814706,0
0.07502724767898412,0
0.13579084512194917,0
0.08424966007490885,0
0.0942248127493368,0
0.06962402872430655,0
0.025731809107874093,0
0.10841504766470679,0
0.15515540906049555,0
0.11099494528704873,0
0.1263971101729691,0
0.14373203437795778,0
0.10644264342692454,0
0.12531083158357392,0
0.10697481663775814,0
0.053495462658943546,0
0.045112874518145024,0
0.03914642374283849,0
0.028922839300177815,0
0.03738660383309733,0
0.031310217037468814,0
0.04262392197467895,0
0.0362276522295556,0
0.06392689913455175,0
0.054978998127475275,0
0.16214037394356196,0
0.03616596649056982,0
0.0386244805285604,0
0.06191307741707181,0
0.041467542360498856,0
0.06570358378995349,0
0.06084339439495231,0
0.055247657258613754,0
0.027707375468877166,0
0.05699445398206437,0
0.08219277577045801,0
0.056185741940583636,0
0.09631688505260204,0
0.1015680640907167,0
0.10280412044824241,0
0.06719807579004367,0
0.06080405519864997,0
0.03273217256088402,0
0.05108728905883467,0
0.6527033195540337,0
0.30623576286043047,0
0.06032902533651045,0
0.08880215103630443,0
0.0740303699121044,0
0.01208954889317138,0
0.07032193883972268,0
0.0563216511519989,0
0.14218858179666718,0
0.11516968148978976,0
0.03335043474470062,0
0.037567348104298126,0
0.044924763516388876,0
0.05975320091024014,0
0.047906763795303973,0
0.032077705691359,0
0.029381135499584887,0
0.025874039140616395,0
0.11379378349689093,0
0.06779803387026732,0
0.13754485591049773,0
0.09012990284600818,0
0.056092249499786195,0
0.03579386601434059,0
0.040978583066252725,0
0.02294570695828061,0
0.036228812119760125,0
0.050719133892693884,0
0.06530637644914483,0
0.12462299691127389,0
0.04749631234693384,0
0.07353109565365995,0
0.027168934587189435,0
0.2839562847875499,0
0.3099189459143926,0
0.08524376477065689,0
0.04348110124649879,0
0.07433532636929925,0
0.06449591432882364,0
0.04793100709951536,0
0.11461625627839914,0
0.1001546153306767,0
0.07592414383841664,0
0.08784668036018613,0
0.05598113139815349,0
0.0635110813506485,0
0.08901146032694046,0
0.0822109240161118,0
0.04698888989582661,0
0.012001831347691162,0
0.048719014025959934,0
0.060404412852549154,0
0.03265357933576067,0
0.10869345606628204,0
0.04551058971611978,0
0.024052175676804143,0
0.040540124048359875,0
0.015588882341923722,0
0.0580158354338827,0
0.047650681259097764,0
0.06958610850063052,0
0.023969857136779425,0
0.07820081640454743,0
0.1499363379138166,0
0.13203069284036859,0
0.05939956561184605,0
0.05472451730477489,0
0.0843469323277121,0
0.0790132220661817,0
0.13391899420038644,0
0.06034530489094168,0
0.03489874290206385,0
0.025583060247727708,0
0.02294316886445093,0
0.019337670554181712,0
0.02511339857515574,0
0.02747263685946148,0
0.05512148796219682,0
0.03260963813101091,0
0.034260485654787995,0
0.028778989466456947,0
0.02888060006713383,0
0.05255447685898552,0
0.04521821580007884,0
0.056724536483699614,0
0.030548883995345295,0
0.05524644505423661,0
0.0770201433223959,0
0.12101933231342661,0
0.08781800283472006,0
0.01695346751256926,0
0.09415651768454096,0
0.049850950630482775,0
0.06186603047755721,0
0.10261248844509216,0
0.18859515480773326,0
0.03604342789328625,0
0.05317145489161296,0
0.07225916124089128,0
0.048372218167037385,0
0.05670367730575355,0
0.03770586293053537,0
0.03923626853015236,0
0.060985104104010854,0
0.06719898927093045,0
0.020451705312688712,0
0.05510488446032738,0
0.08231486127262727,0
0.16866796051801458,0
0.031219420503327305,0
0.07141876803635032,0
0.06661066837294158,0
0.02459699069696656,0
0.04352315945034958,0
0.05856305639429923,0
0.0410562393725024,0
0.04067081391098009,0
0.033850260734630946,0
0.02843525989853435,0
0.024257842422851242,0
0.04725652482207131,0
0.04220820446083807,0
0.021094537810498578,0
0.05963159024527478,0
0.0501176141856571,0
0.03986456080117474,0
0.034242646465568176,0
0.12931024781946523,0
0.1224828440598575,0
0.07485331206897199,0
0.03669793806096159,0
0.06081991677293464,0
0.02380410259003196,0
0.051433528447932295,0
0.08016276885343218,0
0.0392379773710348,0
0.061877966366404004,0
0.12327513470779591,0
0.05000784463560329,0
0.031232833744066026,0
0.06081538254582536,0
0.6095429543785528,0
0.24196511994696046,0
0.28026466716592563,0
0.04932654477544206,0
0.017277016763516277,0
0.1340782047716179,0
0.18485610413199444,0
0.1352086645456182,0
0.05304455177484633,0
0.017107530332761255,0
0.040838177466686276,0
0.04938242422347016,0
0.0814110784761866,0
0.09816251014014857,0
0.12277835108944117,0
0.02699687439459201,0
0.05254553325551455,0
0.03510481877538944,0
0.028998526503189494,0
0.049525015447539664,0
0.31645852542301794,0
0.12209126663871271,0
0.0358172833838175,0
0.05310248184124485,0
0.015227402431878223,0
0.0442002700180439,0
0.03437591090383997,0
0.15108965372599445,0
0.08227505500937662,0
0.15510724849032645,0
0.20161859893115427,0
0.08000936799091869,0
0.06740477518485812,0
0.07706891741061209,0
0.07806846076945763,0
0.06904013942296505,0
0.02828970199445114,0
0.057608711619099695,0
0.011630089206477784,0
0.09812364484337452,0
0.21288693431757294,0
0.06490589476971911,0
0.07857082655325358,0
0.06016650930717991,0
0.04846543258645537,0
0.05396999194727267,0
0.0995981493433925,0
0.4020547922001797,0
0.05776211646695441,0
0.04205848530872026,0
0.010919241733625424,0
0.010374003967932161,0
0.024885323982726984,0
0.03197641446697303,0
0.30275282190475244,0
0.22536107840884279,0
0.03287609604270462,0
0.011155972964557406,0
0.12000718156270648,0
0.27189803212067065,0
0.24447103694472921,0
0.3471910227368428,0
0.23271292954626224,0
0.07158570306109677,0
0.07150010399794413,0
0.036898918120507655,0
0.03911018844216347,0
0.07877377652052539,0
0.07501374244690448,0
0.08882692927616678,0
0.10696603462458291,0
0.03600362102385588,0
0.0464866954093756,0
0.009167084294745258,0
0.07253547746409429,0
0.04468130053284576,0
0.027624960101926187,0
0.031732877028477595,0
0.03962188037340574,0
0.06310520327662417,0
0.03942138985852737,0
0.04284041863971309,0
0.03114797091603887,0
0.043067872783232285,0
0.067232971406788,0
0.043587346477792846,0
0.03355789100898338,0
0.041491367962705354,0
0.42509798108075014,0
0.3598188765646582,0
0.03485792220211189,0
0.037194818880337883,0
0.0457429405022879,0
0.02528933558940347,0
0.02315084558626235,0
0.0316570574844931,0
0.09374106529267412,0
0.05211473131145495,0
0.03356877488303329,0
0.024779864443488345,0
0.021670551438250696,0
0.016118065765208023,0
0.03619556248278369,0
0.03804946985016309,0
0.033569758691952285,0
0.029292679663097593,0
0.050423780118726474,0
0.026048141721065367,0
0.025986885748564736,0
0.016507606438998686,0
0.08020407410473433,0
0.06821115640648277,0
0.035988787762240515,0
0.035646381810074124,0
0.025859727391072382,0
0.037573966438646474,0
0.037319178431649905,0
0.06433869687062835,0
0.16738550213099207,0
0.1522222050504909,0
0.13707773869890888,0
0.03412134606584247,0
0.03469583609797031,0
0.35638223552973775,0
0.37853219064894333,0
0.10762894177247549,0
0.05853765677139465,0
0.0975627894809733,0
0.04933572225251583,0
0.05127431796411088,0
0.06403088787547877,0
0.0170706832700603,0
0.033404833762472545,0
0.0493900141307965,0
0.051396353590289406,0
0.042526100267627154,0
0.17595850307313635,0
0.17484460204980454,0
0.09888015260670464,0
0.11228231291822331,0
0.046436122557497336,0
0.1198368554998076,0
0.04719476545636575,0
0.1332532243164173,0
0.026137691693885592,0
0.17433879043494255,0
0.04645784087580799,0
0.03797033026482217,0
0.06559256575037009,0
0.15601907073494317,0
0.21447358845001904,0
0.042103110309269054,0
0.04118444197306057,0
0.0211709069899103,0
0.01956965289129106,0
0.06727170194855261,0
0.04676153681596733,0
0.0326037881950083,0
0.021349964822838928,0
0.026020236428785908,0
0.013359882133789289,0
0.05772429104435556,0
0.052631236224322586,0
0.049153381145332235,0
0.032903394907083224,0
0.035436970974864763,0
0.08668286340639489,0
0.1146916388450604,0
0.09450099343704495,0
0.03264368493887697,0
0.061541841096344786,0
0.09732918275592926,0
0.11099862018753626,0
0.1219963061608096,0
0.12711339969524732,0
0.032349413566077304,0
0.036966531493131435,0
0.033564043695769326,0
0.10732179200536981,0
0.17913635874128467,0
0.2682749793087136,0
0.2422901537100906,0
0.1433483704088816,0
0.043160636720078006,0
0.04158063105931968,0
0.06743979245196763,0
0.05135339321782561,0
0.03655427783328894,0
0.054363924217343824,0
0.1077908793375827,0
0.0938184058759555,0
0.08600673607824015,0
0.22918950013909076,0
0.08788879692504062,0
0.06408835022756648,0
0.062106845974707434,0
0.06827146111118394,0
0.07485936749647724,0
0.047793823354842176,0
0.07258783200368531,0
0.09012472728923619,0
0.10530645006942395,0
0.04769021625054124,0
0.0173703981364353,0
0.03418019428378665,0
0.024771562525934127,0
0.02989928381430117,0
0.057143846025110016,0
0.03888789929608014,0
0.04178248713803052,0
0.051736937481722714,0
0.7272681327546284,0
0.6211545038174233,0
0.6524251568109141,0
0.49310821146456657,0
0.4736008154555408,0
0.19976227881588166,0
0.10569330181624723,0
0.11497625319228122,0
0.07624378289122456,0
0.2893131862325264,0
0.20061501382321117,0
0.02767901698270776,0
0.019687509817695573,0
0.030752584916911966,0
0.1020710635307815,0
0.16084921045050335,0
0.057577297021876146,0
0.04390046669586953,0
0.05316125645552449,0
0.02036438057439247,0
0.08461678345273295,0
0.1142658214665557,0
0.20987248089820873,0
0.1702763771397254,0
0.05805014425581137,0
0.04591870169297265,0
0.04362589571445341,0
0.035322550352606896,0
0.27193921142761446,0
0.175222084166791,0
0.02999883161197708,0
0.038304192913958146,0
0.06693230523489226,0
0.14499982073031448,0
0.44491673231126594,0
0.5378341028036759,0
0.47621395140424777,0
0.4430507136641667,0
0.5653220152553151,0
0.6070853371751413,0
0.490482826855781,0
0.6235653841292386,0
0.3329382021010871,0
0.13358611541023546,0
0.0370756308436097,0
0.11360158213551513,0
0.08216319328897347,0
0.060059091982433914,0
0.016207143195181746,0
0.02977001820969496,0
0.06393401989163036,0
0.052982915324618,0
0.27136426607607744,0
0.26123814839310144,0
0.08052917804113206,0
0.04004019469563404,0
0.06513504494622807,0
0.043121418731195175,0
0.06261208193446251,0
0.06382120969990956,0
0.06915784276562115,0
0.04538551447770769,0
0.012089228039593369,0
0.03586921107419981,0
0.028408853439567457,0
0.04996973533605648,0
0.11201433504006762,0
0.07824685330378801,0
0.10480991277882518,0
0.11652160936277133,0
0.03630538334455933,0
0.12770157361274914,0
0.2538317597679075,0
0.15783132253645457,0
0.21852524267827478,0
0.2003118033130921,0
0.05489645295912928,0
0.10762638334159347,0
0.045250026370955806,0
0.04534489908843795,0
0.08623425515311876,0
0.0651040342291256,0
0.031007361588606362,0
0.035514199711835975,0
0.05892213554461911,0
0.09760806975062247,0
0.06846663139859582,0
0.1040938691588086,0
0.03531297874743233,0
0.03221156217382501,0
0.13232298292580383,0
0.11898398303901365,0
0.08250064820633693,0
0.05466997202362048,0
0.04523301182574408,0
0.05611110831885445,0
0.06803975484499443,0
0.05036014023276131,0
0.0579843008580387,0
0.05186944311323657,0
0.03171282303210846,0
0.09386115332424227,0
0.13992333429470366,0
0.06100242732311998,0
0.1799683208240569,0
0.12880786222572516,0
0.07458022265047563,0
0.019180442573471835,0
0.05409593462532617,0
0.049379983761767346,0
0.06051089628450128,0
0.023298826815896678,0
0.040828473540319155,0
0.04911914988111585,0
0.08424487357060995,0
0.1181645545193999,0
0.15946584953673518,0
0.09953676100423164,0
0.012385663351593643,0
0.015673465189087875,0
0.026955944308975084,0
0.011341344093450457,0
0.051208386889064234,0
0.07355107530169172,0
0.059398526734619574,0
0.04298905154428368,0
0.03341694442640001,0
0.010829817657069212,0
0.039479503830754145,0
0.051747958767499186,0
0.14194185114578975,0
0.21882132930188547,0
0.045556446769373767,0
0.0443493787871561,0
0.011994256452365421,0
0.21029925610191189,0
0.21703206511464027,0
0.0827588066463021,0
0.16085081086471767,0
0.15635664606039051,0
0.025549025308981854,0
0.017159526100152925,0
0.04397881214084807,0
0.04916747803566232,0
0.05096835620626196,0
0.02476401596939736,0
0.04287130074904158,0
0.06351123610842511,0
0.03078156791711823,0
0.030126167475477972,0
0.012841424505160582,0
0.030053070805071504,0
0.023439322573041696,0
0.1479570760515948,0
0.1761177782363714,0
0.04775593399295902,0
0.04423423258027982,0
0.061710923959215944,0
0.03526736765888136,0
0.027162694351985286,0
0.04769910658225035,0
0.0675530378603246,0
0.03906032445511746,0
0.02953692793266669,0
0.2667564375423038,0
0.38757783579836513,0
0.47360380357355514,0
0.8405081466600942,0
0.16478368775548266,0
0.024230960832401015,0
0.08242354249485408,0
0.15443157112723896,0
0.09099994321500386,0
0.11437005698782535,0
0.07257026791728324,0
0.018348607816572982,0
0.05792920216205864,0
0.03945472455989279,0
0.018692839636064933,0
0.019062650185424447,0
0.01591219907122738,0
0.111152396278226,0
0.07962318074899753,0
0.08101522057268311,0
0.06862115609782689,0
0.05293904533918206,0
0.019521221661663347,0
0.19877771983858292,0
0.20968242912760982,0
0.12182174568268142,0
0.03960140933741451,0
0.024068972978181134,0
0.03156453834418104,0
0.09431409840814446,0
0.1007656108982855,0
0.1236427574914671,0
0.1484504770041553,0
0.08759494588149738,0
0.14407803626463342,0
0.3198977931506522,0
0.09652140930186427,0
0.09263179496279751,0
0.1770164851421862,0
0.10951803455298813,0
0.05242277347979853,0
0.06980434421870184,0
0.10233464717950773,0
0.07735380378851833,0
0.023723201594932564,0
0.1211671774379416,0
0.12347490305848835,0
0.07776481011136675,0
0.08300963184595636,0
0.07754251221954224,0
0.02491187301170067,0
0.06230514297885731,0
0.05948348564342703,0
0.016155608800048224,0
0.07824983664526304,0
0.026871883278251203,0
0.12895531758171097,0
0.13201113381456178,0
0.030502314179631552,0
0.04401794381004095,0
0.044522011184391766,0
0.06611764570875901,0
0.034930123012919694,0
0.025191291515472187,0
0.03265085573581909,0
0.16350335678166833,0
0.1572905891442214,0
0.4837419209007201,0
0.24575452259566166,0
0.30710327109556773,0
0.17809227014428378,0
0.036503874738383436,0
0.03140403268490562,0
0.05728659206019191,0
0.062336692828990785,0
0.019304226269699777,0
0.027184524166423026,0
0.14475984558160876,0
0.021709257156214343,0
0.024388148795995667,0
0.044633012821149266,0
0.047930728149095894,0
0.05780770826344577,0
0.020635308977158415,0
0.06128647296499066,0
0.061276285914356354,0
0.05864612448927996,0
0.07534467485807585,0
0.04133056297092244,0
0.07270166376880209,0
0.05996537636972932,0
0.01947868358195042,0
0.04024572759970019,0
0.05267782622225984,0
0.03850318661512263,0
0.07630273435408344,0
0.05888418970186171,0
0.06433532919491429,0
0.7842556485815221,0
0.28982490883308204,0
0.06617075172502332,0
0.03293095140472307,0
0.02331641722283791,0
0.05402505369064289,0
0.042120094117622346,0
0.1507370919867098,0
0.1293073813423555,0
0.11807302927483623,0
0.11308648298351986,0
0.027917570562753954,0
0.03300932978277317,0
0.09489092034437817,0
0.0419084162189937,0
0.015820904770085582,0
0.04371349821576899,0
0.08189865437811403,0
0.03940338328901655,0
0.030810914240914925,0
0.0238293822003345,0
0.03688172190294879,0
0.061204531978595864,0
0.028498479088965502,0
0.04291505321966446,0
0.03001815784500599,0
0.038199816805593395,0
0.03956345757620891,0
0.035882046881900366,0
0.15161024668623246,0
0.1009814567239615,0
0.1016097018472866,0
0.17230725729397403,0
0.5397093519953904,0
0.3247004422282398,0
0.16890386690332346,0
0.03296059101972973,0
0.5277176592509584,0
0.5633080484670225,0
0.12726176914897097,0
0.05318912658610442,0
0.07157572619894984,0
0.028021907002606164,0
0.0656961422461612,0
0.03793107196657162,0
0.08123794352748086,0
0.04026831335647248,0
0.018252529881905382,0
0.03372760426239723,0
0.04501734837243911,0
0.0780370210325425,0
0.05003510292542752,0
0.06764477701988891,0
0.07116647661965224,0
0.10266550807243449,0
0.23611001323143174,0
0.13765565571135835,0
0.15750642908010584,0
0.051520934145302025,0
0.05235512973467,0
0.03660530696112687,0
0.07747790299832297,0
0.07860426739992635,0
0.13568055633453802,0
0.15457410602864613,0
0.7413934014660499,0
0.7517540101031548,0
0.30783827553013265,0
0.3408175045279451,0
0.18944749633621066,0
0.02178759729772168,0
0.05024759613109646,0
0.03739345532323578,0
0.024310848621116012,0
0.01707763323149172,0
0.016636095613209945,0
0.032521323662495424,0
0.04980733354501738,0
0.058161196222085834,0
0.08813749113602957,0
0.0935067608221857,0
0.028619231433288116,0
0.06281391287816185,0
0.05066500729088084,0
0.07386159660779568,0
0.09797225819638246,0
0.0963758267649373,0
0.03527198237330672,0
0.09613080943655686,0
0.07524566707255387,0
0.17049755751928428,0
0.2367768571976039,0
0.14399173308187,0
0.17087275199852134,0
0.04061939288352539,0
0.13794747597648063,0
0.1510599078257027,0
0.11251042198599608,0
0.186835374746397,0
0.2401219442880911,0
0.19731904643334497,0
0.10147510276749086,0
0.07029943483609824,0
0.08081151178232367,0
0.1325337858283205,0
0.058808313521268474,0
0.03373227955100953,0
0.02852522710949021,0
0.01771288530845469,0
0.04278949656169688,0
0.05045319309959809,0
0.056045913837397245,0
0.029192800125222674,0
0.05605179606534161,0
0.01932609476848055,0
0.03902577700399131,0
0.038371961251538626,0
0.04325672745577479,0
0.2394304995440885,0
0.18059100186114035,0
0.020706809626023098,0
0.023688095161191646,0
0.027933381370296828,0
0.02847236794130474,0
0.06537172611058162,0
0.03150097870866268,0
0.07403092263062502,0
0.025137948924494603,0
0.03926935508858162,0
0.09471461354511733,0
0.22511129875155075,0
0.15291505965122953,0
0.03210929991668599,0
0.4995095652515698,0
0.4146466001840392,0
0.04575981914505594,0
0.020212604524241052,0
0.027238459963484375,0
0.032503083964540956,0
0.03329487674262227,0
0.11720714580664131,0
0.08529761574964176,0
0.0561162060627811,0
0.12138055811841321,0
0.07537871564833865,0
0.0644235783696825,0
0.06873609326885446,0
0.07661000910367108,0
0.02147868490465786,0
0.044918171700073034,0
0.037735899860400844,0
0.06938705679279784,0
0.04939260163223801,0
0.0504794933100487,0
0.037310481348126416,0
0.016085556012375,0
0.04038138185699349,0
0.12349333815707393,0
0.18948384536314192,0
0.48442217197800086,0
0.5660787307277062,0
0.31823021849118277,0
0.13777873591182355,0
0.06405566495084221,0
0.08753585728807163,0
0.10459785704787228,0
0.0410996296089604,0
0.04187876814837055,0
0.03364464632855854,0
0.06046280788910544,0
0.06226176334305481,0
0.037019036627606826,0
0.04155879615871786,0
0.04981156517081443,0
0.01807902014247934,0
0.0583014947723611,0
0.23588488786710127,0
0.04308832239310938,0
0.09249681071458914,0
0.042966567593900724,0
0.1109292269098947,0
0.02154648884312874,0
0.03585235781577582,0
0.06424849809754832,0
0.03315011114884911,0
0.10682938388439231,0
0.03511113057954583,0
0.010652616476882225,0
0.06136632405175834,0
0.057617025340349376,0
0.08768339556811384,0
0.11016390791198533,0
0.17464336789628562,0
0.1002770396576315,0
0.0477989211386184,0
0.05598414884868369,0
0.08267191170989983,0
0.07657180753974795,0
0.056577026893272694,0
0.030977137702479143,0
0.07302979427322495,0
0.06013350877146921,0
0.05368350149488302,0
0.03416036705685448,0
0.05075994848078228,0
0.06556772063579545,0
0.13453724260351768,0
0.12446874979050145,0
0.04516996366683386,0
0.03384087857844866,0
0.04043050247329135,0
0.16120682116826496,0
0.30325053426146037,0
0.159758658183733,0
0.03662911316403062,0
0.17280838154655936,0
0.08920560824865287,0
0.04290741248522624,0
0.249073665293152,0
0.079694425492149,0
0.07547141264546789,0
0.031153088702678286,0
0.07073855991489615,0
0.06121119140134893,0
0.14482111360953992,0
0.10464358058358154,0
0.011767888158777282,0
0.0509609124111093,0
0.12047004528212706,0
0.059214349283146984,0
0.12889637678465474,0
0.09412825247381942,0
0.054049101034459826,0
0.06114783570766285,0
0.14764743300229885,0
0.2006288417795154,0
0.06805864689730759,0
0.08465918647007206,0
0.04149500130742605,0
0.009469253510236121,0
0.07955909164351407,0
0.1182269974028566,0
0.07861328066824667,0
0.030219851286867955,0
0.04625009066207517,0
0.03335942757489284,0
0.06388124027435622,0
0.049391695383475986,0
0.1899371286433109,0
0.36425678490588126,0
0.15078656708051058,0
0.08830295774817477,0
0.057942125696825796,0
0.1829070393673927,0
0.2317426828670701,0
0.49606962842847474,0
0.7097284278003643,0
0.24274825269386668,0
0.07983175837333463,0
0.05308296237081211,0
0.07274453376803389,0
0.036421600815009766,0
0.013494084653207788,0
0.06623936613736059,0
0.1031942853555942,0
0.058501321759342265,0
0.03224557091415483,0
0.03859792901304913,0
0.10979694615345405,0
0.20639927928185653,0
0.05986265564139306,0
0.03767470813929764,0
0.06551119417609126,0
0.024246870633329053,0
0.04170302239350189,0
0.11824969871430163,0
0.11508654046042627,0
0.008694543594798654,0
0.019470478353929007,0
0.01184895513372291,0
0.036130447608528564,0
0.03371207860999395,0
0.05916943826987442,0
0.07543211340525545,0
0.11840312485890707,0
0.11847554857125554,0
0.24019329248784996,0
0.46039360310864563,0
