ar.L1.D.y,ar.L2.D.y,ma.L1.D.y,ma.L2.D.y,is_anomaly,window_label
0.743520181142246,-0.0160057957637187,-0.16041219201823947,-0.0905736261457628,0,0-99
0.6105447112788717,0.02114403990533005,-0.08681496910867453,-0.056976981911843645,0,50-149
-0.18710522370958815,0.8128727231542546,0.6038731937722732,-0.3949062489945726,0,100-199
-0.15202730465891356,0.6076989062514846,0.7052500978004538,0.036517515281777664,0,150-249
-0.3950738545160776,0.4756133814881734,1.0726950186814397,0.2335328020976624,0,200-299
1.308107305313682,-0.6673202167474006,-0.9879142992875688,0.607440645470057,0,250-349
1.3367339203254514,-0.6684978384517283,-0.9537014380903284,0.540509586374103,0,300-399
-0.3340483071360158,0.44173734818146315,1.081702817750537,0.3707155578573377,0,350-449
-0.3440538839219629,0.4842979404289203,0.9726539609212468,0.2516891981578236,0,400-499
-0.365095998357536,0.5546324521435236,0.990383132714343,0.18244112395415962,0,450-549
-0.2647329852546088,0.6437981643575093,0.917774691110316,0.14961368549461904,0,500-599
0.43036583619623947,0.05329939948538687,0.30000069867100404,0.5825989818083755,0,550-649
0.3137051286351776,0.016876668985230287,0.4630147806541595,0.7053827862420303,0,600-699
0.9270029911324945,-0.33476425598939447,-0.1146503757912149,0.396811156117637,0,650-749
-0.25031829961888874,0.6154336690966987,0.9662788519923963,0.1868007244740156,0,700-799
-0.21937121362971357,0.5821555933177116,0.8089066081018973,0.10741173406696068,0,750-849
-0.266875137747845,0.4594446897659643,0.8119447366969891,0.16196963513044552,0,800-899
-0.2580135971124274,0.5190464468309292,0.7108086610623369,0.057073034760327115,0,850-949
0.5309960133824976,-0.06460206176691854,0.0713694112007235,0.4153629425341323,0,900-999
1.0262276250539193,-0.418037384142031,-0.264990324590796,0.4381554902349097,0,950-1049
1.1523895101421548,-0.48458001777145804,-0.3548782772021523,0.35152509464062703,0,1000-1099
0.24738182490049282,0.20521320517525668,0.3983774896520679,0.3559721186718467,0,1050-1149
-0.0704617320081744,0.582918027896017,0.6258237430559189,0.06897332693044546,0,1100-1199
-0.09690278076653164,0.599380028311311,0.7876738615871934,0.14555825546431783,0,1150-1249
1.0194844985081626,-0.4357511602887083,-0.280612084362163,0.5293951737121186,0,1200-1299
0.8893859543904877,-0.344811362112166,-0.2444167623707761,0.6322769539642821,0,1250-1349
0.9612301045050511,-0.4232361765941936,-0.37529997187934494,0.6841163781064575,0,1300-1399
1.138668408467098,-0.4960419653900809,-0.4509167564317616,0.4163438808088326,0,1350-1449
-0.21863157582572884,0.6064616584254039,0.8429415799465511,0.10243763323550084,0,1400-1499
0.575810704575998,0.06490304771640784,-0.21967192966658355,-0.14829260356028134,0,1450-1549
0.34034585770457654,0.049506899717229685,0.07294450192456396,-0.038373843116542176,0,1500-1599
0.9424156566522717,-0.359253690150852,-0.226182527593317,0.5376260677340519,0,1550-1649
0.9722558493587684,-0.4277858123579264,-0.5756376678137481,0.42085446779928415,0,1600-1699
0.8374767162186567,-0.33215663309701937,-0.4650151618565894,0.45213621592264325,0,1650-1749
-0.20039369847459362,0.5219306024690499,0.7644648906482502,0.13770452788491525,0,1700-1799
-0.2495740550570798,0.5108923425236904,0.8965101799907425,0.23288692946514386,0,1750-1849
-0.2082555762882899,0.5819020680580866,0.8867938473781292,0.18585530355301502,0,1800-1899
-0.1929574097294668,0.602485049841366,0.8167567448978513,0.19823591588171174,0,1850-1949
-0.1978170900039002,0.590336086705437,0.8917686699849713,0.2566458743105288,0,1900-1999
0.3028242300746019,0.1596298005349771,0.4190291979246325,0.3731665454171496,0,1950-2049
1.094918887889334,-0.4548980541832352,-0.2860017440531559,0.34079901078580127,0,2000-2099
-0.08201440322931716,0.57761775413997,0.8337261098697295,0.24982758127081736,0,2050-2149
0.04985321976865496,0.6305729522599897,0.2715383311875844,-0.17723047889649687,0,2100-2199
0.02529832297672005,0.6443819891184414,0.23984386885656214,-0.2244052138249479,0,2150-2249
-0.23468467525408399,0.5823946486168635,0.7825939690666617,0.18291257220145313,0,2200-2299
-0.1270985048737068,0.5087698235403937,0.5617508741468628,0.024098160748678748,0,2250-2349
0.5183490508448101,-0.0224702489082872,-0.05492024958059152,0.3303320224801039,0,2300-2399
-0.10158159572621195,0.46285357248305475,0.7587328345695628,0.2721110255579432,0,2350-2449
-0.15907750898775813,0.48479067806860604,0.8699800723356943,0.3037423915691053,0,2400-2499
0.863995515442166,-0.10605443925596422,-0.6986934313627127,0.21883191389906534,0,2450-2549
1.0545446015949893,-0.31880725852529745,-0.8480144038242863,0.3609725442905581,0,2500-2599
-0.2854807824644015,0.5611417804138588,1.2472027393830913,0.4541684333576353,0,2550-2649
0.9661224840002547,-0.3569664083997487,-0.1275477605242567,0.431576680667857,0,2600-2699
0.8566925298180895,-0.2791805472373584,-0.0684062856335187,0.4237584378829657,0,2650-2749
1.1690067608067312,-0.5402175745236784,-0.460131422809514,0.4603611777940634,0,2700-2799
-0.1565376234260689,0.5256375511654678,0.8304121732799667,0.18887294804067417,0,2750-2849
-0.19494116734890665,0.6441101691377262,0.8344629019746158,0.16448044221558056,0,2800-2899
-0.1772310800882715,0.7743730770376925,1.005918239658084,0.24766325636795297,0,2850-2949
0.32288380148108187,0.19956967604790374,0.4136367787536913,0.5792425296698128,0,2900-2999
-0.27294346243196854,0.3926149636920062,0.6001869278541853,-0.0028474516425865686,0,2950-3049
-0.4555208162639429,0.34173941729476487,0.7888180467235894,0.023244924880393557,0,3000-3099
-0.0865277994362243,0.16254977230356638,0.6755030142826532,0.40466609960197913,0,3050-3149
0.03107618941268234,-0.1289955319678215,0.2777682067041105,-0.24089996584612755,0,3100-3199
0.3202208830441521,-0.083201345226613,-0.14237877151912395,-0.32096209242183305,0,3150-3249
-0.9477224603811956,-0.24341609654114832,1.6045214496058742,0.9998341241957355,0,3200-3299
0.38370128729425207,-0.005555379738121417,0.16190663075826284,0.5458598996769649,0,3250-3349
0.1811677969574515,0.195333485729183,0.3680712708459766,0.4023920572173823,0,3300-3399
-0.29961520880394243,0.561737405618122,1.1086845322514418,0.2602312164181844,0,3350-3449
-0.2309576034154831,0.5631435237289093,0.8789101813101021,0.15405396454155024,0,3400-3499
-0.0902502409221512,0.6640711609714925,0.560554857680304,-0.05008931363588941,0,3450-3549
-0.3010233220011594,0.4977470662609364,0.7667856632290487,0.018782939920476763,0,3500-3599
-0.32994743433607177,0.4493632169830991,0.8501160474163186,0.16156327026129264,0,3550-3649
-0.19572875133766432,0.6166059388168691,0.9985153040454263,0.4003078093873502,0,3600-3699
-0.24775158572374428,0.5248110280437884,1.0532172152162376,0.34620526034542043,0,3650-3749
0.012292967918876178,0.3479849377819431,0.7375975267400017,0.2230213483520088,0,3700-3799
-0.23874894074184583,0.6239296014930859,0.8856679202295192,0.035603319881099896,0,3750-3849
-0.14501081636539137,0.7288106995732765,0.7075041674774986,-0.11644820917480372,0,3800-3899
0.2888783270500481,0.2888183862347075,0.23169629261089447,0.251119171570946,0,3850-3949
-0.17753293510476265,0.7060912745823732,0.9324692240525265,0.16247922780422197,0,3900-3999
-0.12694950453322895,0.664114339976888,0.8150019868353122,0.1495244293233875,0,3950-4049
1.0719107821057439,-0.4285023446979114,-0.48584558560886304,0.42643023168918226,0,4000-4099
-0.12341123065317305,0.5372054658581095,0.7104438854393818,0.06975047760385478,0,4050-4149
-0.1533509055647582,0.5914320897783782,0.6806631799225292,-0.005476236082771913,0,4100-4199
-0.20083839009425508,0.6418933911627323,0.6723923309609307,-0.13839175967363765,0,4150-4249
-0.1874581159593443,0.5540635885962413,0.755916237961175,0.05487215985215486,0,4200-4299
-0.11964744790886755,0.5232812573432206,0.5839434694461938,-0.060516144373070985,0,4250-4349
-0.48776233845673655,0.5122206237782501,0.9916402989894197,-0.007251485300774033,0,4300-4399
1.087358060565998,-0.44765227121138573,-0.4091793319654064,0.3771789873076382,0,4350-4449
1.016555020264441,-0.3471479434525387,-0.5215063805721716,0.45281750576496366,0,4400-4499
0.9749266451907976,-0.2663202809000011,-0.5773411094640029,0.39844224348102075,0,4450-4549
1.0424405553502567,-0.543128659550748,-0.6645582636212704,0.6222936508277224,0,4500-4599
0.9532756110998265,-0.3713029305696159,-0.4092416250448314,0.2916079468883062,0,4550-4649
-0.2985785821616204,0.5373535422614663,1.088272923020655,0.34758513293030346,0,4600-4699
-0.25698675338248456,0.5724268378633558,1.0556198241819095,0.33784362085364855,0,4650-4749
-0.35265584799481353,0.44935382747775854,1.0192053887187784,0.2341934407490356,0,4700-4799
0.848775873282172,-0.058730551051649406,-0.2965737357470025,-0.07751579465506221,0,4750-4849
-0.17901139927113058,0.6117470249956737,0.7994628189969625,0.06896680132847445,0,4800-4899
-0.12150552823559535,0.6311036936856905,0.8122781663928236,0.14166439392064295,0,4850-4949
0.10998530200124014,0.383095629792779,0.5398637444055497,0.35582159251781137,0,4900-4999
0.2171489563197385,0.2693362317805762,0.3573346576914751,0.3304105210307593,0,4950-5049
-0.20803992149586226,0.6329755793166022,0.9042604732317492,0.17625186597201872,0,5000-5099
-0.1384316561012841,0.5633243805990598,0.8566026581891908,0.2793728791669508,0,5050-5149
0.07173978468120543,0.41713333567136673,0.494988642183641,0.21854131100550328,0,5100-5199
0.10195272814458052,0.5342814795801548,0.40979957422850377,0.11169204644421848,0,5150-5249
0.235072579298581,0.26006494380368184,0.39216010846464044,0.20004635365094217,0,5200-5299
-0.08898500651217416,0.46814926952520824,0.7061178215573392,0.1047106147486494,0,5250-5349
-0.2809345547499658,0.5369134193142813,0.9591579051428881,0.1883921356037141,0,5300-5399
1.0941246628484707,-0.566138987969538,-0.534921759273038,0.6799200577763993,0,5350-5449
0.06378502565487887,0.347137919183807,0.6403911612506599,0.3379485557368877,0,5400-5499
-0.10913124201541491,0.5945783736520739,0.7521336262086453,0.08203337878016428,0,5450-5549
-0.1650125468623822,0.6120757772775882,0.6693334812137101,-0.0924199337585726,0,5500-5599
-0.4152057127721349,0.5847849790193005,0.9367018426195363,-0.062443659560445605,0,5550-5649
-0.29656616044542056,0.4472667653818746,0.9528432330150287,0.22009553377668,0,5600-5699
-0.0688081131226264,0.5185370186700632,0.9086981695945601,0.3653125530443081,0,5650-5749
0.4072779454923515,0.053886005849562456,0.18055914087151437,0.33945768993542547,0,5700-5799
-0.040361262394978024,0.4856560350760847,0.5007525655866887,-0.05726806850808135,0,5750-5849
-0.09448665061292574,0.6596889721876283,0.6218418147696138,-0.16766430331309445,0,5800-5899
-0.13382425622754568,0.6295348772428575,0.6861472637633961,-0.006692698224648482,0,5850-5949
0.7273630822697961,-0.2559739060329062,-0.1673279087178577,0.4062745226549111,0,5900-5999
0.9378677457943504,-0.2990933920340096,-0.23921704002815108,0.157673697314419,0,5950-6049
-0.3195711326634077,0.45188224648498565,1.1441791276362596,0.3799343973744097,0,6000-6099
1.1322276824508974,-0.5373299224176956,-0.4359648662880523,0.34982861977434204,0,6050-6149
-0.3735408594404638,0.626452125595426,1.0185518435194203,0.019505497158738106,0,6100-6199
-0.1414827617412051,0.731024403806422,0.59374719845924,-0.18749906240529723,0,6150-6249
0.6910863098835154,-0.12772996499783068,-0.08366979949827735,0.8291035976840682,0,6200-6299
0.4313366363518089,-0.008991626326792497,0.09417112435234343,0.6696623869508693,0,6250-6349
0.7454576226288143,-0.2251519131762747,-0.20258365848547105,0.5814328177960911,0,6300-6399
-0.0935098598409313,0.3605836441784973,0.8968104701933715,0.46776698003665157,0,6350-6449
-0.09599057130584128,0.425874949923989,0.7692179788055711,0.2026290107403925,0,6400-6499
-0.023419287944602536,0.5400617814012351,0.5771857043611737,-0.09215184862085662,0,6450-6549
0.021088333042611082,0.5486459980934958,0.5328694900501652,-0.16530489754005773,0,6500-6599
0.9633842046908339,-0.40774233245804953,-0.3707002213789251,0.5350483611472119,0,6550-6649
0.3153744720513332,0.09785719171419896,0.40020259015574366,0.45639144620055494,0,6600-6699
0.5357881303407119,-0.055567126024897655,0.2385072418082048,0.4212098784133556,0,6650-6749
-0.07850449524214041,0.4382342554657241,0.8800769890760388,0.2927153316923952,0,6700-6799
-0.20827459707961166,0.5011602845449511,0.8802784325865316,0.19851672977809984,0,6750-6849
0.42677827166616433,0.27309702663025787,-0.003963116635952835,-0.14787900225554512,0,6800-6899
-0.2123984712360758,0.7875958810803726,0.4635469954595707,-0.5359479244443155,0,6850-6949
-0.3803989560877012,0.49284018125992307,0.7895094801825714,-0.03551788327613775,0,6900-6999
0.9556038902159283,-0.3920802123300276,-0.36272520773626715,0.39885769497636353,0,6950-7049
-0.2646860399751602,0.5652261274245708,0.9876597519415532,0.22098349512927737,0,7000-7099
-0.21070579705331188,0.5442632598697791,0.9672448944031004,0.22041249163533427,0,7050-7149
-0.19432753310640638,0.6107063641711165,0.8520667806688491,0.06794097349887869,0,7100-7199
-0.0785934547547211,0.7554327051248496,0.6089441947823258,-0.1019643297169007,0,7150-7249
-0.1632394455682889,0.5989765567679554,0.4947860697142209,-0.19590107774187804,0,7200-7299
0.7544871310199363,-0.3994391363306153,-0.35257482714202126,0.5111263970276659,0,7250-7349
0.8130575853661381,-0.37182290579919575,-0.2342751995688318,0.6080415897895408,0,7300-7399
0.1575541129935288,0.2420129298136949,0.48920395382606285,0.3718637514642352,0,7350-7449
1.0812043694648512,-0.45178746714919255,-0.3889718449630529,0.4191676120389496,0,7400-7499
-0.23997905330116276,0.5603042077574035,0.8968141020091214,0.12346116490100466,0,7450-7549
-0.12264703356755291,0.7462668917310944,0.606906391571974,-0.18193740238057712,0,7500-7599
1.3029006076358471,-0.586802721433017,-0.976376832961791,0.5532579110770016,0,7550-7649
1.7100098139771287,-0.7739481236589671,-1.3999774755236847,0.40004073836007276,0,7600-7699
1.0246909409718779,-0.3878299064862428,-0.3506461683311866,0.35361776203959644,0,7650-7749
1.1810260377417467,-0.4791923687987476,-0.5802537354221846,0.3182443193650875,0,7700-7799
-0.028382616523661197,0.4271633304065759,0.6417691383307845,0.02501655845244056,0,7750-7849
0.44047461866183657,0.16716558404795404,0.18596382861291721,-0.11014019903800146,0,7800-7899
-0.296624399611359,0.7033647201742615,0.9051724207613208,-0.09393945168395966,0,7850-7949
-0.20519583219147186,0.6651286680056032,0.8604517431929547,0.1329445349956171,0,7900-7999
-0.1354192330736412,0.5901069739191304,0.8695744732417557,0.20403839437374174,0,7950-8049
0.2370680409653655,0.23933243088436026,0.56653112601703,0.3473989510855271,0,8000-8099
1.1337418907418921,-0.45553400520624016,-0.25332573544495585,0.3207874825548312,0,8050-8149
-0.5358249006800228,0.3671952798955509,1.3315789670969067,0.532534933789793,0,8100-8199
-0.16493256497824815,0.6720938884944121,0.4696095899230789,-0.29130010235818893,0,8150-8249
0.03936071304041319,-0.2978978170864588,0.35735667501103474,0.48644396916410376,0,8200-8299
-0.17755326048603992,-0.10109160610289537,0.7195536029304185,0.5273479652364288,0,8250-8349
0.18363662058610813,0.2893740549584625,0.4732487991810488,0.2245418620464244,0,8300-8399
1.2576641442695926,-0.5330090348472583,-0.5795660429444953,0.3330260723090055,0,8350-8449
1.0658152078462202,-0.45220922748900566,-0.21409569634241787,0.31787402896895234,0,8400-8499
1.054083991829929,-0.4742052186853619,-0.3713925715174069,0.42259589024912214,0,8450-8549
0.013716091758181576,0.5834451298195402,0.6420397072798951,0.035635686672640776,0,8500-8599
-0.10638846584030617,0.5750126478256778,0.9437806836235623,0.3139107452727338,0,8550-8649
-0.1753004799285399,0.47869610966612663,0.6395827059934367,-0.03164575986788708,0,8600-8699
0.8985665341610742,-0.346627094601607,-0.4577798976178558,0.3098760163745879,0,8650-8749
-0.16380647761577682,0.357376068335056,0.7759768922251177,-0.05552725043321339,0,8700-8799
0.054969246495339213,0.12951799734896027,0.381430707577959,-0.026597874655796654,0,8750-8849
-0.16706156418326046,0.7936338617094371,0.43044490630554255,-0.4882272029869766,0,8800-8899
0.30060385679790236,0.3776353056857268,0.10066890448576458,-0.19555490647568147,0,8850-8949
0.21300033584304046,0.3591362752140197,0.2217301999119464,0.2416141282247367,0,8900-8999
0.3711495391846673,-0.01901549556155608,-0.0035907148855586855,0.4259807753382701,0,8950-9049
0.7096577258489223,-0.1724165020013676,-0.22862717471658564,0.2807719315221197,0,9000-9099
-0.23622412615063557,0.4759900875868833,1.032080233236826,0.35759472125569425,0,9050-9149
-0.3015080792380508,0.5307713433536135,1.01274570863428,0.30008132759277295,0,9100-9199
-0.198805968015068,0.5925561852532693,0.7506900788003809,-0.015189747844179965,0,9150-9249
-0.277067474291496,0.5706222244166812,0.8997882877636703,0.07113599884740034,0,9200-9299
-0.22313057141291925,0.5727950105937519,0.9138430131574665,0.2900459257704389,0,9250-9349
-0.2243462105505198,0.5823620730251133,0.9256050770611415,0.23655932661881682,0,9300-9399
-0.21796547271375405,0.6003650334987136,0.9906348053300187,0.27371828562610245,0,9350-9449
-0.2997648604798389,0.5481390821548211,1.1627745022296014,0.39337389634179204,0,9400-9499
-0.5633270870792458,0.294329917555945,1.2770223943817203,0.4537905803628607,0,9450-9549
-0.14632904270205793,0.6992138991044238,0.6887088064482232,-0.05618290509260702,0,9500-9599
-0.07049780096990194,0.6061246679197028,0.7701284294972567,0.22807020809035664,0,9550-9649
-0.18905965803244595,0.6097654456314586,0.9404223743984305,0.20997313879632842,0,9600-9699
-0.14779123587136714,0.5607499581208112,0.8621986326817502,0.172558279691093,0,9650-9749
-0.15251550867641206,0.5378281970589172,0.9175684040311216,0.22173175518995944,0,9700-9799
-0.29229294629249586,0.497393184833407,1.0816275118927683,0.3075695235949527,0,9750-9849
-0.2099854606216774,0.6624292834081048,0.8180157374531377,0.003388780894302763,0,9800-9899
-0.31099430976020737,0.659592171148114,0.7584403348518977,-0.18809480730528633,0,9850-9949
-0.9820913282456886,-0.22292761420603655,1.7205222390088246,0.9999417098869918,0,9900-9999
-0.5748471460940928,0.2622480705404931,1.3505867987535092,0.5795515332248654,0,9950-10049
-0.2629218431393435,0.5345649232916485,1.0753752673012817,0.3693855526893187,0,10000-10099
-0.24527360571603357,0.5392316751419012,0.9928946450145857,0.298477064600628,0,10050-10149
-0.31597091648461473,0.517900455553195,0.8691168936848502,0.14547905939411063,0,10100-10199
-0.23727778448140435,0.5532479848757214,0.7195659840194357,-0.002585368351287245,0,10150-10249
-0.19997426452049452,0.48858007781258533,0.8895475249838966,0.17930597531897322,0,10200-10299
-0.20605040135300662,0.6249449272169765,0.8389059691718173,0.15583217405323194,0,10250-10349
0.9459206352307357,-0.31703482033806885,-0.4181557119045929,0.5431389245112358,0,10300-10399
0.14751293172482058,0.37151427744573484,0.5013112594891085,0.2492136150898238,0,10350-10449
-0.13930401119043523,0.5722951980781523,0.8888742144493567,0.2064358540309208,0,10400-10499
-0.05052809649028518,0.5882549857347563,0.711814298049613,0.03002964277320064,0,10450-10549
-0.021331431977800838,0.6116766807357344,0.5402607783293775,-0.13594433039121148,0,10500-10599
-0.16053633924024055,0.6041929651156323,0.6929090334299242,-0.005090483867800542,0,10550-10649
-0.1868136517916744,0.5716918924066023,0.7594790004008773,0.1540852378534828,0,10600-10699
-0.11909965323975338,0.4764777015844962,0.8345945867623472,0.33912079784399557,0,10650-10749
-0.027401335144734154,0.42051161181849256,0.7887704944963079,0.3021141378531615,0,10700-10799
-0.17536319896131758,0.606685163907204,0.8902921580924144,0.13451146384249585,0,10750-10849
-0.10034999925123608,0.6230134496193566,0.6526150660659275,-0.025387079444539957,0,10800-10899
0.02425516583873897,0.7025014293961378,0.37380781627251003,-0.2740986248374332,0,10850-10949
-0.10045707032615803,0.7283175765678519,0.6645582455256029,-0.1316144416890428,0,10900-10999
-0.28446200718528,0.5491855388184949,1.0251783631026978,0.23263117090545218,0,10950-11049
-0.3437268437872323,0.5637020283353735,1.1521153117039815,0.3051087781753749,0,11000-11099
-0.22093205894438678,0.6723853216732023,0.9578075315201264,0.1577254621584359,0,11050-11149
-0.2115745553583137,0.6061216342924021,0.8194989240051762,0.00959226791406224,0,11100-11199
-0.3028245350622186,0.6971747167630988,0.8248721843400463,-0.17494971549086352,0,11150-11249
1.145309812434602,-0.34063929233546303,-0.8184666541031357,0.45533975881852756,0,11200-11299
1.319904653252624,-0.561294051914021,-0.9497141747829047,0.5662899083100092,0,11250-11349
0.00035436552917232216,0.47929374787224316,0.5103684695614871,0.14464940346170754,0,11300-11399
-0.0584938714930288,0.48740003390105496,0.6124373807843531,0.23367001226155767,0,11350-11449
0.8222416354921764,-0.31242074954923343,-0.31488523943272456,0.665347774272641,0,11400-11499
1.07451502206894,-0.4295103933551455,-0.6120797640238269,0.4418699427519676,0,11450-11549
1.0331377197942433,-0.5101413759157695,-0.8289237369341373,0.7726040714473197,0,11500-11599
0.9892975842668082,-0.31339785118177804,-0.7243142797745654,0.5539367318113353,0,11550-11649
-0.2496220549260142,0.6214309277511686,0.945381375299418,0.2188975594601995,0,11600-11699
-0.19730627407644696,0.6624153773031533,0.8717187978910398,0.19742714511940151,0,11650-11749
-0.16480661196761298,0.6157931211319322,0.7803475465775912,0.17750345368977444,0,11700-11799
-0.24436910617194074,0.5770002737072452,0.8857819731523839,0.22360431385229296,0,11750-11849
-0.24721321208322983,0.5895064770487707,0.8954487332784,0.1558420480569394,0,11800-11899
-0.1755896615263033,0.790585651874475,0.7094385784689711,-0.21346304199185692,0,11850-11949
-0.057618185376305725,0.8090034120028697,0.5142863050455309,-0.24892536816119692,0,11900-11999
-0.17117459449420486,0.6763486905331446,0.5036829656024733,-0.13371245245659014,0,11950-12049
-0.22578167325963983,0.6026574160449212,0.728455602007944,0.0632752575365736,0,12000-12099
0.49365535867770916,0.0038661271693087216,0.23943534589705234,0.3146556850863475,0,12050-12149
0.40144489924902005,-0.04334559446295742,0.3450999489796434,0.32366044022457363,0,12100-12199
0.18884783503327973,-0.028767616194495475,0.4667834841793239,0.43293515801146,0,12150-12249
-0.23342871480228317,0.5715397148387799,0.807829812386141,0.08426382667396624,0,12200-12299
-0.16289646404705638,0.6355936105358648,0.7568491039753683,0.0682122313055816,0,12250-12349
-0.14874328969924588,0.665286214170249,0.9045840367170979,0.18490960967253284,0,12300-12399
0.06298283692957371,0.31892878947402276,0.7057336591677936,0.3355267662875047,0,12350-12449
-0.06851656691652847,0.360803682851529,0.757251966276814,0.32879484556909394,0,12400-12499
-0.14759135961084166,0.39624814249095297,0.7386006787669596,0.22686949487159752,0,12450-12549
-0.13107365589471015,0.5865065828232365,0.6413019881249945,-0.10762876348390707,0,12500-12599
-0.12127103943326276,0.6146526244839645,0.740656133362854,-0.014605545819716135,0,12550-12649
0.4060466283422806,0.06684600521055722,0.34518942898654525,0.41930179887562186,0,12600-12699
0.5713463962395553,-0.030726956605580776,0.084956398425443,0.4042513438495768,0,12650-12749
-0.16074799471113227,0.554209962757653,0.9221782834995076,0.2644529103144539,0,12700-12799
-0.01706294768281782,0.28543706839661975,0.8985041588910893,0.5230921697785067,0,12750-12849
0.022090543223214604,0.33600687497323967,0.739196919400477,0.3675944095958343,0,12800-12899
-0.104114381859987,0.4810573553950743,0.7151089479424577,0.22795823635108775,0,12850-12949
-0.40659791007745105,0.3156708517362006,0.8416556494800974,0.3556540736544717,0,12900-12999
0.2110478096632043,0.3395949618630411,0.11433026685010952,-0.19872238539530204,0,12950-13049
-0.2705060519312282,0.5468650744650686,0.9271753352810519,0.20687322217902981,0,13000-13099
-0.21281938960819125,0.5534479764877847,1.0254621152449632,0.3161741854866991,0,13050-13149
-0.15232214549352044,0.4930871670289737,0.8864040678406412,0.25727265988173365,0,13100-13199
-0.07675758267761254,0.3707069109718664,0.7005717187530315,0.14299700512063143,0,13150-13249
0.014904989014468068,0.502633730412685,0.5193489309075012,-0.013806555386273008,0,13200-13299
-0.09022555273429633,0.5770221330226945,0.7273171805841557,0.1344757161469284,0,13250-13349
-0.14930508700521572,0.4994364387042872,0.9350779667140798,0.41873234405890813,0,13300-13399
-0.15862661200844494,0.4908103151891844,0.9819003298667244,0.3983409820430674,0,13350-13449
-0.2449919188702966,0.534391789990006,1.136451657184322,0.4035519297904765,0,13400-13499
0.06123149505066277,0.34682366832116956,0.7151608139575094,0.17344346470172312,0,13450-13549
0.0684662736142451,0.4480817721263795,0.503686579675596,0.022335366307840047,0,13500-13599
0.0096365665485434,0.5722680000683871,0.46543919229055675,-0.03383189365618126,0,13550-13649
-0.01681462503099432,0.5742796204378781,0.6007763506881105,0.031000686015267728,0,13600-13699
-0.1360950334375561,0.5485709983393824,0.8441547474788228,0.2175886971900061,0,13650-13749
-0.10857884120915665,0.4647555278877891,0.8901498112401139,0.4077630010821621,0,13700-13799
-0.033730878794258595,0.49215491784528026,0.7565220818918049,0.20803964300382918,0,13750-13849
-0.1584933736139466,0.598310423990534,0.8183856853489833,0.13011047794844935,0,13800-13899
-0.13523628269802496,0.5275665916874493,0.7660118034673844,0.09537960565245412,0,13850-13949
-0.2871303866385386,0.6893489312913864,0.9096083925806099,-0.04876323819031413,0,13900-13999
0.8759403791481125,-0.3531307499675529,-0.27715884249838635,0.5168395777962282,0,13950-14049
0.9768616284268604,-0.4688268461175335,-0.2704094648798865,0.5098287875836086,0,14000-14099
-0.14279721735335776,0.5067043084499694,0.9891639475357694,0.3625506004248398,0,14050-14149
-0.14309730297326978,0.4843551411337351,0.7804450651002053,0.08161862680190293,0,14100-14199
-0.0971032604992463,0.45981032263550664,0.5312007497998258,-0.034083527366412236,0,14150-14249
-0.07551306973904416,0.5745721222986633,0.4871067362452322,-0.1297447834637915,0,14200-14299
-0.16498575455352654,0.5355884642832129,0.8264844931241977,0.10636447173389837,0,14250-14349
0.21542871843514827,0.07871024102358214,0.5579013564539644,0.4205132987616743,0,14300-14399
-0.22937726597418867,0.5142283564165602,1.0035668742595707,0.31623643760376136,0,14350-14449
0.21064527135654001,0.17724318230262404,0.48506109309972506,0.23756287652337452,0,14400-14499
0.0068264868248072465,0.3025757450020874,0.7067588232471009,0.3109365369073636,0,14450-14549
-1.1159933394768098,-0.7513326057716552,1.5213955795051706,0.8909822554819272,0,14500-14599
-1.2553511255790153,-0.4744136398328094,1.6548427959444085,0.7778120784016482,0,14550-14649
1.1261131370425708,-0.3527987482178787,-0.6868303522821585,0.28844120270430723,0,14600-14699
0.5172148339993008,0.029641006489452202,-0.01779929041966764,0.2539441523784974,0,14650-14749
0.03281740344299516,0.3772048161583091,0.40598853759456954,0.07482286128032678,0,14700-14799
0.16962824868887041,0.19197487278161146,0.27167422290881255,0.18972608169292404,0,14750-14849
1.0075907771265136,-0.4096589865793867,-0.38178359040640975,0.4459757229665823,0,14800-14899
-0.12246366706466352,0.5093108181077461,0.7186251822406104,0.07994293025718842,0,14850-14949
-0.1958823064082818,0.5746911452262319,0.8089463350502732,0.08904550970217599,0,14900-14999
1.0710976387571258,-0.4777511771301669,-0.5089958016297472,0.5797372674776187,0,14950-15049
0.7200996089061317,-0.2596050797879743,-0.24355520663062374,0.6267159720527083,0,15000-15099
0.4354495046496808,0.03309536385681826,0.06362049781127335,0.4302627619384614,0,15050-15149
0.31688560250353864,0.13877669128893239,0.4227398466673057,0.42010609957828016,0,15100-15199
0.33817579249439833,0.05920551067933833,0.2873472504164707,0.33245314849977764,0,15150-15249
-0.2846802431696732,0.3692474537055921,0.8802533893219571,0.2048891135703181,0,15200-15299
-0.16366307933530938,0.5301857647864715,0.8903431196566965,0.17406116967418533,0,15250-15349
-0.29390156458942795,0.49776676302677786,1.0509532868473275,0.3486845902428108,0,15300-15399
-0.27907078338134556,0.5427463097390178,1.0804523067715484,0.3588559895637185,0,15350-15449
0.15383176548882357,0.20212359734874727,0.6485228228216033,0.4641767371661241,0,15400-15499
1.213154944951865,-0.5180867470291871,-0.4716878459755386,0.2882265639231183,0,15450-15549
-0.2251462441596282,0.5987269183787117,0.8586465776639937,0.07801958710284014,0,15500-15599
-0.08226977135865285,0.6344870418971025,0.602942323119318,-0.060916437537330864,0,15550-15649
-0.16634750311992652,0.5774667948755917,0.8532220793316708,0.19453810197539875,0,15600-15699
-0.17336930810829349,0.5221092173002768,0.9157065785119431,0.3720283958894754,0,15650-15749
0.16892320802634173,0.23653286973552862,0.3858803019382767,0.3455989956681572,0,15700-15799
1.1248485854694588,-0.5950436498834765,-0.7614536935704881,0.7111969112242433,0,15750-15849
1.0592181882796115,-0.15152759490740583,-0.604373866671475,-0.03340475428571082,0,15800-15899
0.6190943062498109,0.22911074013454802,-0.19608400548202728,-0.2935173872134522,0,15850-15949
0.005284411161987388,0.7199376215429847,0.42230168669088186,-0.3236258359990075,0,15900-15999
-0.13198722203370597,0.5937035782083623,0.8505502173158865,0.19894024316491782,0,15950-16049
1.0536767818845594,-0.4198881639941313,-0.3960496196848257,0.30418676589869825,0,16000-16099
0.8624710307788716,-0.3415083360753955,-0.26193887274297484,0.49879017959507965,0,16050-16149
0.9070207490319454,-0.3339891156260576,-0.1999412963243503,0.35261926493330475,0,16100-16199
-0.24249328131545567,0.5563230584835817,1.0207579311514405,0.32425222113259045,0,16150-16249
-0.07582197642689392,0.5446527845816305,0.6513119764800172,-0.055699377076443894,0,16200-16299
0.4811136931221327,0.1514447778543985,0.10116597573992438,-0.03868778329374499,0,16250-16349
-0.25164330077255087,0.583293614972311,0.9828548321984991,0.23793242174691878,0,16300-16399
-0.2699956986386084,0.5623988609474565,1.1664854718535138,0.386456326677437,0,16350-16449
0.265664025906202,0.11635877030240782,0.5206424049592465,0.4189030708710458,0,16400-16499
0.4180264833258918,0.039007779342909096,0.28670327021655606,0.3993905605517152,0,16450-16549
0.39012956112940034,0.1373128656564025,0.2284035967115327,0.2384922135458218,0,16500-16599
0.006172462486544263,0.5712562931368643,0.6261964196437957,-0.01695574963373929,0,16550-16649
0.07260724298142474,0.3774793753928557,0.7588933076266182,0.21430515954246204,0,16600-16699
0.07639422691839842,0.2088510248952843,0.6775999373416756,0.5143061224980976,0,16650-16749
0.13714794205436243,0.24373507156609453,0.6830643629798733,0.5659953077629681,0,16700-16799
0.2942680586447449,0.031577045949487355,0.6699466843636057,0.7230816444897981,0,16750-16849
-0.09395867772372743,0.4359025487767,0.9451879756599655,0.37249707596650466,0,16800-16899
-0.10246154129799617,0.5705221827101907,0.6279360212039988,-0.0339816306734461,0,16850-16949
-0.029714453384827588,0.6851728141517333,0.4418053525787643,-0.2294811369327036,0,16900-16999
-0.10612423347770686,0.5791292774213006,0.9982178272412161,0.2764855114629619,0,16950-17049
0.3403643842370684,0.1900185482503499,0.4648712235207156,0.36706439844168526,0,17000-17099
0.446158964490481,0.0645336122825835,0.28470745173398193,0.360319437992392,0,17050-17149
0.6821750675192549,-0.06076198355266406,-0.06410299675165788,0.20077826687121325,0,17100-17199
0.6286496746327694,-0.11163149105652119,-0.20493722673699338,0.15957020324882865,0,17150-17249
-0.018909640634909235,0.7228729727105053,0.20320777952472013,-0.5797429201795492,0,17200-17299
1.8475475571900373,-0.9075643156919181,-1.774076532757534,0.8938306591623438,0,17250-17349
0.44990089978469916,0.3099548363814366,-0.0802855946975956,-0.012565788751415128,0,17300-17399
-0.08204492019130917,0.5313109654227436,0.5484619734362942,0.02836889203561935,0,17350-17449
0.04698268858539137,0.4125589940092582,0.48201232429458873,0.0005650328234994155,0,17400-17499
0.4131957990340226,0.17960516070076266,0.0936792713550876,-0.3582860213544321,0,17450-17549
0.4861827093707936,0.1695550909197854,-0.008123636598584446,-0.37931606994662803,0,17500-17599
0.7064927140882064,0.08668106921527638,-0.23007978571259474,-0.15336993249291336,0,17550-17649
-0.04526366028232964,0.4383940164660711,0.6221910591469135,0.07031802791036482,0,17600-17699
-0.16794926485667383,0.5633293293940792,0.9692346165737953,0.38806384767630436,0,17650-17749
-0.26140918434805305,0.5274206738468996,1.111050358802368,0.43765690790501344,0,17700-17799
-0.19749562771573906,0.4683816953355155,0.9479884168665198,0.35400390969197787,0,17750-17849
-0.13543329499787932,0.4000379760935039,0.647943558951765,0.2437359699875443,0,17800-17899
-0.280173354769364,0.4958486758410008,0.6929496994798657,0.04008905632991913,0,17850-17949
-0.14123029522224623,0.678511122678799,0.5939102497273936,-0.1786277081554474,0,17900-17999
0.7184185600806489,-0.0938694090856461,-0.11391888787529045,0.4320274451034456,0,17950-18049
-0.08153845287085631,0.4826333956686443,0.8740233365798215,0.46316562362725644,0,18000-18099
-0.21700614820420738,0.5213725490620511,1.0376400886475639,0.390390372890613,0,18050-18149
-0.20396809563092982,0.5513675439752118,1.0380729624255138,0.35003419642007116,0,18100-18199
-0.2133216559504349,0.5305434267642669,0.9894519861772093,0.31853608409714457,0,18150-18249
-0.25589687553368734,0.5392311911986208,0.8871885572585062,0.19232555372456128,0,18200-18299
-0.19039500210108473,0.6696246362458602,0.4705355274086127,-0.32595263079569875,0,18250-18349
-0.03531617087466096,0.6946019830259255,0.29707500409559545,-0.40537213851908516,0,18300-18399
-0.09351448259819578,0.5900547421816352,0.7429085587045928,0.2687760431747294,0,18350-18449
-0.20561022823870434,0.586714167463951,0.9249099531406981,0.29344827854756844,0,18400-18499
0.49756969255648054,-0.0032775216932991124,0.213482198708285,0.4349670043074082,0,18450-18549
-0.2670720136714332,0.5408027546982792,0.9336643694287018,0.2552567757220967,0,18500-18599
-0.21338187811583437,0.5909911695392195,0.845482972090535,0.13384964851175776,0,18550-18649
-0.32458728182714136,0.492610722551057,0.8140686415670798,0.05485753922011857,0,18600-18699
-0.40817963124072887,0.19011439063436522,0.8116470975599708,0.3292028726569501,0,18650-18749
-0.23130701115655394,0.5439895203047396,0.8373037361511448,0.284814404106715,0,18700-18799
0.16242153268885465,0.24997038704795452,0.5276704450537777,0.47585781160752394,0,18750-18849
0.41158298649280123,0.0894263843850253,0.39071584067932286,0.35643327854753726,0,18800-18899
-0.14434177143521104,0.602392901385381,0.8109354307153251,0.15212178026685458,0,18850-18949
-0.11910990493609902,0.6781375817897165,0.5691615122286734,-0.13110070580089603,0,18900-18999
-0.16908246460803888,0.7419755023055147,0.5611943356442162,-0.2834285450860674,0,18950-19049
-0.28771964035492237,0.6794265083437908,0.6558757355789826,-0.24680486708692143,0,19000-19099
0.7221352963292257,-0.28309859712565405,-0.1285169249164156,0.4930994539052166,0,19050-19149
0.6275598333044546,-0.18626319509755626,0.007151899672737069,0.36175607973803753,0,19100-19199
0.3668506885642764,0.0674787672824665,0.337326249233059,0.36487953910963494,0,19150-19249
-0.2636078105055453,0.5591081959476457,0.8334443378196624,0.1165856028781115,0,19200-19299
-0.6325972904450557,-0.5225541738370668,1.0037033530872792,0.881293153199757,0,19250-19349
-0.3185085784355916,-0.010426921676360591,0.862283492771925,0.5604498792920873,0,19300-19399
0.8572855425770187,-0.3490506851788802,-0.26077199499185044,0.6493266509499884,0,19350-19449
0.361587794039776,0.07424706101185138,0.22765284394470464,0.5000256269167151,0,19400-19499
0.1538740679287613,0.27008843471558786,0.6439606398781001,0.4971838549612187,0,19450-19549
0.11089885694589735,0.3155163211833564,0.6091794739119852,0.338103797142264,0,19500-19599
-0.15056840803101246,0.5230135708640261,0.7440800727824918,0.16404996787219608,0,19550-19649
-0.1398374562943701,0.6940305787865085,0.6453906144746082,0.03137336745185276,0,19600-19699
0.005193817831555262,0.6121772462857001,0.4658772642120347,0.13245380257342346,0,19650-19749
0.05403124913540643,0.4441072957190112,0.4960855584010343,0.3194397057335236,0,19700-19799
-0.07743702156989037,0.5163986145886243,0.7974495352503321,0.4009417522999088,0,19750-19849
-0.01797172224910347,0.39272153458677356,0.8222645499365377,0.48939333036582594,0,19800-19899
0.01768303155495851,0.41218420032876224,0.6188247819781616,0.2824304605750253,0,19850-19949
-0.1284713086023865,0.5704528403315806,0.6676524047069623,0.0769638501631592,0,19900-19999
-0.23206484972228947,0.5983780876979445,0.8558721744392285,0.12934049850249818,0,19950-20049
-0.2715420420477904,0.5258965171142852,0.9655375224579552,0.3813708309917742,0,20000-20099
-0.0678439196907421,0.4057546300371154,0.7942642830916989,0.5031421080433722,0,20050-20149
0.2500391440343748,0.15594788776131188,0.5289590892634691,0.49063976320538816,0,20100-20199
1.195823215144297,-0.4718095917866048,-0.35807067904194834,0.183845346591623,0,20150-20249
-0.16433491940027295,0.7036128927635441,0.7049869141931309,-0.06369038712509616,0,20200-20299
-0.1667613753992277,0.5573781918201006,0.7235410421702161,0.10488535661011629,0,20250-20349
-0.11109916158678697,0.5265500942749872,0.6624955845945016,0.026430108914790713,0,20300-20399
0.5719303300590544,-0.2636707693875259,-0.25666934177113643,0.6192563504409457,0,20350-20449
0.953988791903709,-0.4492151054852314,-0.5940122991115382,0.5252885291826973,0,20400-20499
0.15721009808745345,0.17697299182698012,0.5647184755460726,0.38321474616911844,0,20450-20549
0.22424152602357855,0.14226492002868538,0.47939944732517414,0.3249239993695328,0,20500-20599
-0.22074425757914365,0.45433257723153064,0.8539117349385451,0.19188032930534799,0,20550-20649
-0.41165145097265937,0.21681863918751945,0.22811371837042535,-0.41082507406892843,0,20600-20699
1.9165935931096048,-0.9993156374185669,-1.9076303729366137,0.9900775939054937,0,20650-20749
0.162999518138357,0.3508637435939192,0.646398541349029,0.5543010516497996,0,20700-20799
-0.21136435980310536,0.6350612548804584,1.0291741333601774,0.3434878516281861,0,20750-20849
0.04961662678903186,0.3132631073074292,0.7021071276656907,0.41541864052955313,0,20800-20899
-0.03324175777846575,0.4007368805973708,0.6255038782871842,0.21877803200360946,0,20850-20949
0.021899015943684985,0.41436911638923885,0.3147275864537172,-0.5909994415738382,0,20900-20999
-0.0786429517675793,-0.0633150189729533,0.31646768643133455,-0.09539011508057896,0,20950-21049
-0.3760708332648807,0.3862198713974735,1.148345968921559,0.42655990703449204,0,21000-21099
0.029987275001263008,0.3429667247635649,0.7783114929504624,0.4287170777975733,0,21050-21149
0.2718096114443497,0.12294747901266657,0.6153628745147377,0.4989746176688489,0,21100-21199
0.263296982463201,0.1457362670939676,0.6578738987158157,0.4316744460640841,0,21150-21249
-0.10039075386942352,0.4095507519117013,0.8155670118498002,0.3042495455127899,0,21200-21299
-0.16846420934078155,0.5574053472343727,0.7817797297756345,0.07778410945337176,0,21250-21349
0.39703318059558,0.14457356779366606,0.10677263498709846,0.17922328695822665,0,21300-21399
0.2619865907423502,0.015055653899947553,0.10410412546564585,0.5231004787796288,0,21350-21449
0.1433021561774249,0.22955519911991998,0.3144619410259514,0.3777017438817247,0,21400-21499
-0.19328955256997085,0.5627336818234716,0.9645174096388023,0.3289222559367137,0,21450-21549
-0.25630061774491286,0.5646660072907423,0.8567482542764463,0.07541658397068896,0,21500-21599
-0.18857741740212985,0.6028357517186038,0.6821756091431898,-0.058102654857976575,0,21550-21649
0.10950603448848314,0.5523394652243293,0.2637331864119672,0.002303350233220453,0,21600-21699
0.2449245000677792,0.3431627274919157,0.19398131703809607,0.21786925435092627,0,21650-21749
-0.09312086353279006,0.5189517699704403,0.8367725896705822,0.2883726225410675,0,21700-21799
-0.12113475611514835,0.6082665852090404,0.6966263756751241,0.025882845104052792,0,21750-21849
-0.17577956146824614,0.6360199543622712,0.8236320750499325,0.06060979064025829,0,21800-21899
-0.20668864050710034,0.5492815142000197,0.9031759351757692,0.2421641888972125,0,21850-21949
-0.2258456145790198,0.6165330432456384,0.6874145551189373,-0.051395217823058253,0,21900-21999
-0.18789365329907914,0.8101428168518047,0.6452464109140457,-0.3302302725361274,0,21950-22049
-0.20903563010358572,0.7903824287213835,0.7477946439898129,-0.24041350063761663,0,22000-22099
0.9013160903925317,-0.30295219305911836,-0.4189116566197656,0.5125445467922274,0,22050-22149
0.9163440592037946,-0.3896075167518317,-0.3436042010488826,0.6276329619028861,0,22100-22199
0.2986668878165145,0.14664262218035098,0.45593015346000687,0.4583187106327354,0,22150-22249
0.33564664010834455,0.15066331911125572,0.2835727057457492,0.4166894044076722,0,22200-22299
-0.09320421893277478,0.5968669720424921,0.6644261442337354,0.14645842911029983,0,22250-22349
-0.021615519190989124,0.564327256790477,0.5536078683290657,0.10542980332821039,0,22300-22399
-0.21182696527563893,0.6089665897314936,0.8015758358190068,0.12588690997202018,0,22350-22449
0.15970468151546108,0.16377761870950303,0.5397507028386415,0.5324613771206816,0,22400-22499
0.9145342639549112,-0.3411209112541377,-0.1373001777128861,0.51053561693127,0,22450-22549
0.8659517833766628,-0.31617220875776886,-0.15734089455354097,0.43618877794993055,0,22500-22599
-0.1434980420267315,0.5575277910772792,0.7076338762959595,0.06365843948686341,0,22550-22649
-0.0640133528821717,0.6504989267215111,0.5510596190033238,-0.06646341054988157,0,22600-22699
-0.08007219158536333,0.5443087919450532,0.781671259799032,0.22262804860634255,0,22650-22749
0.9562909732000685,-0.409433624845831,-0.24582123223500124,0.5387086045538972,0,22700-22799
-0.2837957636986587,0.5503597263736305,1.1708655088389208,0.38355936408870867,0,22750-22849
0.9105479961800528,-0.3627141357660357,-0.13177082523913874,0.3511540946954536,0,22800-22899
1.095548674850646,-0.5212726231869974,-0.5700119960893133,0.45301966333847654,0,22850-22949
1.0476993709517608,-0.4303352662994268,-0.6009755026699102,0.47039007008745853,0,22900-22999
-0.05745509582604198,0.5860152475292452,0.6098268279309438,-0.025493943312618055,0,22950-23049
-0.13813330232643248,0.5979968437305053,0.7717469492606102,0.0704556790401282,0,23000-23099
0.8425468879534105,-0.24431889750141547,-0.3251139924407279,0.2761049948978203,0,23050-23149
0.96121972286049,-0.37022330804925463,-0.4035969097073603,0.40195259462828636,0,23100-23199
0.15857543337830282,0.32691206941874323,0.6317706173518322,0.46910438815721534,0,23150-23249
-0.07695750805695675,0.4141473126205923,0.8312196189783282,0.30049729076023524,0,23200-23299
-0.15755550472832236,0.61408745325564,0.7174894865015782,-0.04135017287417205,0,23250-23349
-0.0032404602826217096,0.6082026671336923,0.5818136407455365,-0.12193518294339303,0,23300-23399
-0.23883666968563638,0.5533611785524793,0.9371533813593879,0.20877080720288899,0,23350-23449
-0.09398153357617015,0.4391947727738884,0.7274629157182642,0.20388752560868745,0,23400-23499
1.033148563918309,-0.4025210438219505,-0.3876851787060562,0.40926319473099987,0,23450-23549
-0.017376495450566565,0.39865018747018266,0.7982384423923664,0.35547841227077853,0,23500-23599
-0.20466785509766422,0.5417152210457828,0.8016848747575477,0.23045714333607842,0,23550-23649
-0.10254216794348817,0.6493990443558149,0.5230807661718047,-0.10839924977686607,0,23600-23699
-0.12197838691455906,0.6312874007456551,0.7765672987742742,0.029396540779607117,0,23650-23749
-0.2233521310645914,0.5597532719964902,1.0242540830818396,0.3427478688687739,0,23700-23799
-0.15292908349361276,0.5131393681139536,0.9716218515319424,0.37519338411246483,0,23750-23849
0.003180801890932581,0.36164019453343577,0.7492953083230225,0.35242199765659393,0,23800-23899
1.0920905543404846,-0.46568434327826025,-0.5031423799888307,0.4175294888640265,0,23850-23949
0.8770638768718978,-0.30965567315152087,-0.38444599922159794,0.5090735336037009,0,23900-23999
-0.03020542921223965,0.6601241150466697,0.5592878360183099,-0.011222464104950706,0,23950-24049
-0.021244871946936607,0.5224427302960366,0.6816004318220901,0.2842001927896267,0,24000-24099
0.377538031314724,0.06518289830449958,0.42002642910589266,0.4640053352700284,0,24050-24149
0.18400893943656532,0.22914457314528458,0.6785532032986402,0.47281578491111936,0,24100-24199
0.07193388771761196,0.28466592615528086,0.7958901152665334,0.5299266257217259,0,24150-24249
-0.2786292499727999,0.6109872567294398,1.1983976601605622,0.3394415554420208,0,24200-24299
-0.16708259835514275,0.5515002560427217,0.8680685276348243,0.12474643136541037,0,24250-24349
-0.2087186739373984,0.7912803557334935,0.7459951066963757,-0.2536446900683246,0,24300-24399
-0.17672063984603148,0.6134443491095025,0.767477511494745,0.08841615294535654,0,24350-24449
0.3463242584787742,0.056103553066568966,0.37393201827842676,0.5391245565381846,0,24400-24499
1.1605620136020967,-0.4926228915508356,-0.3669974436555651,0.34974744952841225,0,24450-24549
1.1654949097459357,-0.5158752425970314,-0.4505211708652955,0.3972126973509209,0,24500-24599
0.1725868564795126,0.19936526299310348,0.5171956192636074,0.3453423718719519,0,24550-24649
-0.1346926276158145,0.5405794652914774,0.6080702852388785,-0.040488010441886726,0,24600-24699
-0.18731740381856266,0.8126782294491409,0.6201596294405833,-0.3790307686059193,0,24650-24749
0.986251309157058,-0.33415674491896646,-0.5104002932370467,0.5561555977355823,0,24700-24799
-0.2610084709285477,0.5076505759032975,0.8926763339523326,0.20110805818861946,0,24750-24849
-0.32770053214592243,0.4186686816219121,1.0885490764460672,0.43849074214576717,0,24800-24899
0.06890195691387949,0.2932341734798483,0.7818882416800685,0.5369527063282752,0,24850-24949
-0.3401270985467761,0.433019028466249,1.11693614719155,0.423052916278843,0,24900-24999
-0.11216832858744902,0.6363960583463794,0.5934349731645508,-0.12456415749109863,0,24950-25049
-0.0983316243814836,0.5222597821972907,0.7705141593003699,0.15301610729064513,0,25000-25099
1.0270574475420253,-0.45619756783924986,-0.3052414860121323,0.513777306650767,0,25050-25149
-0.11107450748873461,0.4736136705562526,0.938873489861562,0.282911414605121,0,25100-25199
-0.26415559424664964,0.48759125113818047,1.1264243355372372,0.37568925135382253,0,25150-25249
-0.25706806267707566,0.4576666412993372,1.1084916275905112,0.3689812837179242,0,25200-25299
-0.16789523506745346,0.4823613541320692,0.9039994297234494,0.19795705399729013,0,25250-25349
0.02933852511679913,0.5484722421041038,0.5112581398470308,-0.06727965280923862,0,25300-25399
-0.13992039482081242,0.513362680948596,0.7738723073416632,0.2546188035545372,0,25350-25449
-0.21482168306199068,0.6224215541087057,1.0477315222075447,0.35269255225522156,0,25400-25499
-0.2692402114313338,0.5742400790156218,1.0541331796226376,0.28944515085505357,0,25450-25549
-0.20419549688465538,0.5675606629369989,0.6415425757770874,-0.10235369074394553,0,25500-25599
-0.23937159174062303,0.47573113279604723,0.6304965160823075,-0.06416830425689511,0,25550-25649
-0.4134830515068597,0.4452117014888841,1.0856615914705323,0.30136654323455137,0,25600-25699
-0.1756380402753947,0.7013671726893778,0.6510617994207432,-0.09182937375395125,0,25650-25749
-0.23759230617466942,0.7041446037619301,0.7940802517225426,0.0207179861312563,0,25700-25799
-0.34393525948072595,0.4597861114931355,1.0031583713945529,0.1796640852326168,0,25750-25849
0.48549138791663327,0.10511432972100576,0.23520915678346166,-0.09988910942749817,0,25800-25899
-0.18240305779327157,0.5664953601309588,0.9913639611012921,0.2441118721519495,0,25850-25949
-0.16015017344406765,0.44344948101649057,0.9058219458896607,0.28830504342843916,0,25900-25999
-0.3573860717696415,0.30252755876817666,1.1495316415404464,0.4922228147824959,0,25950-26049
-0.35285531884773125,0.40135942359526305,1.1620943840804152,0.5148935950194841,0,26000-26099
-0.19544300787590788,0.5438524569267883,1.0289169722162956,0.409226193534043,0,26050-26149
-0.17214533972272483,0.5419493751127055,1.061528967356301,0.40634217415988944,0,26100-26199
-0.1366542756740224,0.5195963880058082,0.9971407092372193,0.38640698967721604,0,26150-26249
-0.13082009957904084,0.46270892806519054,0.9362321120919922,0.44525503087831736,0,26200-26299
-0.10089582084920022,0.47634622852939745,0.5925835302392297,0.07186022746342553,0,26250-26349
1.8742095209936878,-0.9318414735402732,-1.6965494942087962,0.7888753327489676,0,26300-26399
0.9901274555316665,-0.16053648779171908,-0.7512175278142081,0.3372021059676534,0,26350-26449
-0.07487022280386361,0.6205605897993944,0.7934165289577888,0.17263149635001632,0,26400-26499
-0.15463725160307673,0.58047626986357,0.9187937812467097,0.2696865148386404,0,26450-26549
-0.18562184348670113,0.6285927807604115,0.8541149066674123,0.13328720141242348,0,26500-26599
-0.20729714366201057,0.5479444370352919,0.8793565802230923,0.21853043972364697,0,26550-26649
-0.23651061913590893,0.590988446774067,0.8792270470149846,0.13560758535079515,0,26600-26699
-0.30890024259187177,0.6705488591486426,0.8756650840371151,-0.0713201099754047,0,26650-26749
-0.3181586005460204,0.6818387334222427,1.1409201696429652,0.14136084067084284,0,26700-26799
1.2042949570562183,-0.4978471353637413,-0.4715634362904959,0.23401190240266093,0,26750-26849
-0.41482388392483244,0.46220598181437295,1.2294325074232715,0.36739406831451726,0,26800-26899
-0.3177962216097428,0.5008064356560229,1.241289071661471,0.47244305901781286,0,26850-26949
-0.30326987256806825,0.5112824252529048,1.1008005605180688,0.3697965438114761,0,26900-26999
-0.11265226139681603,0.5605849383828229,0.712693714306131,0.027807639604836766,0,26950-27049
-0.040587240603359324,0.5723937169693006,0.5788905997203244,-0.030145974243531385,0,27000-27099
0.6934744801444271,-0.20492464030440669,-0.17794346397196265,0.619673243780872,0,27050-27149
0.2669270925633195,0.20612674556162805,0.37400759362583197,0.40543268012108435,0,27100-27199
-0.1658095303863944,0.6326972771210301,0.984749854936527,0.22839193629957188,0,27150-27249
-0.1252998921826181,0.3984349016890057,0.9349932236265591,0.2922376313784257,0,27200-27299
-0.1553235186216499,0.4348497740721105,0.7582269538373745,0.07871842722089215,0,27250-27349
0.13496850266557806,0.4886020284728462,0.23532432659020652,-0.19640981333446367,0,27300-27399
0.0731723461387909,0.3705695745740481,0.3628385492589977,0.11499315563302465,0,27350-27449
-0.26195960541612434,0.5362098343445553,0.9125372392846803,0.19981648632134397,0,27400-27499
-0.26834005926882826,0.5961065974864563,1.0658234712563401,0.28278949227832245,0,27450-27549
-0.26035586134133043,0.5743745584976939,1.0566448174485492,0.2664476301645468,0,27500-27599
-0.11752234277080195,0.5441721449627087,0.8382268995249892,0.1267054048992195,0,27550-27649
-0.14463387976458428,0.5802019192885332,0.8579175991273653,0.158912786139043,0,27600-27699
-0.10113828496013832,0.7162295077880123,0.6125454832777912,-0.15165526858547335,0,27650-27749
-0.10257867643588126,0.7030492689269349,0.6619495525421382,-0.0655659374034296,0,27700-27799
0.06582157762046573,0.41658343988021546,0.6751045220307458,0.5040299007126503,0,27750-27849
1.1416860642098705,-0.5073675968933472,-0.5313309918692175,0.6595877548198426,0,27800-27899
-0.01007182946190047,0.5729239772261278,0.8121743245264186,0.08458469830035004,0,27850-27949
-0.07939691890815255,0.5705559044570955,0.8171482824869888,0.09951412827673389,0,27900-27999
-0.22112873408678446,0.6325150642790182,0.8481228714712697,-0.006000196474296426,0,27950-28049
-0.19513389410656312,0.804847036061119,0.8097173546285199,-0.18918856506955675,0,28000-28099
-0.054535106760283975,0.6474714480199636,0.7558223660042233,0.1320331822957687,0,28050-28149
0.023145736709795844,0.47652939470116534,0.5443467577587957,0.2796307644178535,0,28100-28199
-0.16797551439172184,0.5944863278065423,0.780557135698376,0.13730298460193774,0,28150-28249
-0.29075093769966004,0.5389011171685445,0.9423895798810124,0.11466597243613806,0,28200-28299
-0.16481995966478943,0.5421262514429694,0.7417408053558396,-0.012660535063227937,0,28250-28349
0.025767994136432784,0.5845586729996509,0.46216321034117114,-0.09669038093522932,0,28300-28399
-0.21111274547283054,0.7888741921083161,0.6042288829904179,-0.39452680117983047,0,28350-28449
0.760718357132793,-0.18041254308546023,-0.19453758237449315,0.25908535486113426,0,28400-28499
-0.19180239471670837,0.5598994196148857,0.9109031132385058,0.21757224010589743,0,28450-28549
-0.18146001721559346,0.5169140485263983,0.9098324078071195,0.25584641361032034,0,28500-28599
-0.22115909950304752,0.5427968011559838,0.9426767942493677,0.1915756711357221,0,28550-28649
-0.1556478022691496,0.6887323911473966,0.6659933889692773,-0.08916335228651012,0,28600-28699
0.6620573868655697,0.08679732612958341,-0.27511948204806663,-0.14078502265713017,0,28650-28749
0.6232840434490577,0.05304768669071018,-0.1778446720405295,-0.13494648998355543,0,28700-28799
-0.2768981207564358,0.49411121413202425,0.8125733811437148,0.07564881184035087,0,28750-28849
-0.3260781130548293,0.4883810860359742,0.980728885799093,0.17735767628088084,0,28800-28899
-0.24411416948452636,0.541723973512841,0.9218153217076311,0.13563768070575602,0,28850-28949
-0.2360882897215904,0.5261180811595391,0.9714168267659059,0.23605688566289282,0,28900-28999
-0.13527330663243106,0.6434070534873325,0.7339781189927452,0.04425004454396326,0,28950-29049
-0.13449827426533667,0.8308512233022181,0.6735364951636069,-0.2358463418710427,0,29000-29099
-0.12126135647971703,0.6963619737417236,0.7213280522378572,-0.08263082978954747,0,29050-29149
-0.15692694944575108,0.6596734862566567,0.8720974162107994,0.15873275783367868,0,29100-29199
-0.18000823221516837,0.6534577227820875,0.950172632724281,0.21133589005645478,0,29150-29249
-0.34818134991131805,0.5317627654461095,1.1297519641745692,0.376107479539225,0,29200-29299
-0.4164290357444216,0.4006747813021436,1.128199181214879,0.4478930333399221,0,29250-29349
-0.12171166201777672,0.6242759418485495,0.6346200656175744,-0.0621490559117691,0,29300-29399
-0.10430459001269887,0.7219730865329083,0.6355475804939944,-0.12717284911301535,0,29350-29449
0.22949010527814595,0.32361406949963517,0.31824513672200705,0.38013344751463146,0,29400-29499
0.1749028548953077,0.08643890751904856,0.5028543498779311,0.6676898065635047,0,29450-29549
0.27000504608891945,0.07294241099709459,0.3971914578957082,0.47113025578524714,0,29500-29599
-0.17314123008978088,0.6082727836077799,0.8631921369853993,0.11485166628442128,0,29550-29649
0.1294994132093552,0.31825167392688736,0.558023902191566,0.3290534863404935,0,29600-29699
-0.07420844419841792,0.5624446848629723,0.678429764717914,0.1696825776478638,0,29650-29749
0.07332190989895526,0.16384651050256033,0.6562245695745911,0.6029333683090341,0,29700-29799
0.3605871301565964,-0.13002508260813733,0.35601352568324973,0.6080186117688365,0,29750-29849
0.7362018942723125,-0.197973610725903,-0.008512769213761219,0.3227133992014865,0,29800-29899
0.3729646139766256,0.06899832400695467,0.3679006528699315,0.40409152777493373,0,29850-29949
0.3836556323011338,0.03989588175155818,0.3698202770445815,0.45743131738343007,0,29900-29999
0.2878058878740172,-0.29598058745910133,0.21123261686764236,0.8155564617505915,0,29950-30049
-0.10520647816285336,0.6339414958083593,0.34474667462338277,-0.3504626069802444,0,30000-30099
-0.13880246487450518,0.5883892892909003,0.8410746678383367,0.15983847627112885,0,30050-30149
0.6895794227944944,-0.13475289445951813,0.1713362897363548,0.357329706747439,0,30100-30199
0.26926791990697463,0.1471725794996454,0.5904322356890032,0.526417621895995,0,30150-30249
0.3001435778008401,0.13878837502764388,0.49368518736511935,0.35182924943071187,0,30200-30299
1.103239267257809,-0.4194865830220382,-0.3086952497684395,0.20236310799819762,0,30250-30349
-0.282764902227571,0.624981492282348,1.0586594155271087,0.20050537988134362,0,30300-30399
-0.1473073165424368,0.5629834093821977,0.7857366718775554,0.18003577124780468,0,30350-30449
0.6883318463592027,-0.08358511163793816,-0.09735731758501544,0.4199595067559483,0,30400-30499
-0.006357193511384373,0.3619576617702793,0.6507051658868912,0.34826360084722235,0,30450-30549
-0.3181648001880239,0.4854376964428662,1.0462549217151338,0.3599385296469151,0,30500-30599
-0.24261491398201138,0.4389730529929971,0.6966757417946842,-0.0398665312699899,0,30550-30649
0.013259417702582585,0.18068650578878467,0.304200676655509,0.03888154530340773,0,30600-30699
-0.18929340635960917,0.5163506110788839,0.76291993442469,0.05557930684068246,0,30650-30749
-0.32153055506113926,0.47164442642447596,0.7945097243974006,0.03302480464801832,0,30700-30799
-0.2690045766731193,0.49148043141720843,0.9154206694796343,0.16296733856185755,0,30750-30849
-0.3168157149305093,0.4971941000334785,1.211558338487075,0.40531570767024705,0,30800-30899
0.20697491485605307,0.20413057301668194,0.5279151775066566,0.2775708468857768,0,30850-30949
0.20197224189898877,0.1615176873976387,0.5402283125428609,0.40737112851076157,0,30900-30999
-0.04720669069738067,0.42804453156273736,0.7423133053352894,0.25760477464711784,0,30950-31049
-0.09548850731719324,0.5495555160744116,0.7359734555602105,0.14856702263620064,0,31000-31099
0.037757396605066953,0.3286013289701806,0.6638195062831996,0.3075802106094807,0,31050-31149
-0.23373913749013117,0.19876768689319568,0.9434044929859473,0.4047720167703219,0,31100-31199
1.0029541983931454,-0.331514382896722,-0.16786976064494222,0.2294805974711717,0,31150-31249
1.1283143361359709,-0.43748391761847544,-0.26856017242665203,0.27791768443638487,0,31200-31299
-0.19338306414484674,0.49539731082722804,1.019785198943104,0.3155900817619758,0,31250-31349
-0.24071698179899959,0.48512904944724106,0.885150806995669,0.19413547904435602,0,31300-31399
-0.08184532989487894,0.65148510462234,0.5820030642813264,-0.06228391683310416,0,31350-31449
-0.211993102816861,0.727135236925155,1.1191673310079504,0.25127361775283114,0,31400-31499
-0.2356381725631575,0.5785785179964424,1.1170351249697725,0.3538295648701296,0,31450-31549
-0.14422206946823615,0.6073973795434363,1.0184499797184703,0.329484463541054,0,31500-31599
-0.14415064305719485,0.5465268565897967,0.9546423826476378,0.2715109948939979,0,31550-31649
-0.035441332959221236,0.3634911515673587,0.7828192426001521,0.25217030699879966,0,31600-31699
-0.22399537474503814,0.49024476979906745,0.8699512561487907,0.2573721651182597,0,31650-31749
-0.2853132572790368,0.7146854300128371,1.0443628754684986,0.044853508440773064,0,31700-31799
-0.24980511985032566,0.6297620291505422,1.0505127013516475,0.23673341319982483,0,31750-31849
0.34934779693039253,0.12512237464869486,0.41464336691322823,0.3756091904948058,0,31800-31899
0.3554432742352997,0.07224801422750915,0.4792734891449958,0.4526949520283045,0,31850-31949
0.36059381726206874,0.11593575746969939,0.5085334097492041,0.3342145896469381,0,31900-31999
-0.09736353941597081,0.5187296577657187,0.7836642996002527,0.1851714070290573,0,31950-32049
-0.09961056115299291,0.587312309328306,0.7324215689253852,0.03578578933131983,0,32000-32099
-0.1597707020370006,0.7098674702354353,0.9737794861491982,0.12980247692663835,0,32050-32149
0.9666721534399091,-0.3674927859543598,-0.18651068871118248,0.33338038368117623,0,32100-32199
-0.18219574409639405,0.544028675982727,0.9270666079985825,0.21669900298250147,0,32150-32249
-0.010231956102270491,0.3924427386137198,0.8351768138656419,0.3531831923083105,0,32200-32299
0.21357290027828546,0.1113999778043144,0.7187044969649795,0.7323252445161064,0,32250-32349
-0.06492891656200546,0.46316044462274647,0.7288594546854132,0.30112490703572364,0,32300-32399
-1.1389330568005844,-0.46432774040530356,1.481012315285046,0.6474397480781627,0,32350-32449
-1.152629693508369,-0.7337230740513324,1.6895393377532333,0.9999108174643804,0,32400-32499
-0.24938983613228755,0.5162107745482707,1.0492027256308283,0.28625687866772137,0,32450-32549
-0.13140314008938137,0.5522038255337107,0.9268864900247912,0.27743279594111914,0,32500-32599
-0.1053184788896874,0.5513636198733091,0.9665602997303753,0.3303440583132121,0,32550-32649
-0.15014181596882564,0.568890342592038,1.045194120325442,0.38036169841851525,0,32600-32699
-0.18476750966866795,0.5446595931231206,0.9630625254304002,0.30789656351219097,0,32650-32749
-0.14997181918241242,0.6625546524096083,0.8895339035040835,0.19517396479156554,0,32700-32799
0.5990169691015613,0.007302692927710907,0.15503055082789832,0.4741743640447239,0,32750-32849
0.7833149390438314,-0.23959697631580354,0.04416039979164896,0.5518861874393575,0,32800-32899
0.9600180608639234,-0.34641549248376624,-0.0626484552269978,0.3649464144681786,0,32850-32949
0.9500477938918208,-0.3472872951566546,-0.21314125146463087,0.3754820730058756,0,32900-32999
0.11794581640806484,0.30822254698287965,0.49956143538343745,0.28713992944077443,0,32950-33049
-0.1429166161614343,0.5340163067100611,0.7553094803843632,0.12915544808576165,0,33000-33099
-0.29177969272844195,0.5839139734572941,0.9590623711045394,0.11966857813966228,0,33050-33149
1.0552446328926481,-0.40248819472207886,-0.42053729038452015,0.3255682957834453,0,33100-33199
0.5223520619420292,-0.022862260162342458,0.2631774235214177,0.4117299669565792,0,33150-33249
1.1132004243416274,-0.4934611430883948,-0.5645042533852981,0.4565430539584737,0,33200-33299
0.7837188741217126,0.01871435535884957,-0.3609887058810632,0.057746108327715866,0,33250-33349
0.0434295020707082,0.6481542211392608,0.3749447439452197,-0.40859460935105346,0,33300-33399
0.5808353892484093,0.17596395706309892,-0.07745690784412296,-0.11992045392130833,0,33350-33449
0.31844560040694125,0.2897158959431601,0.3484986381919507,-0.026227698143982056,0,33400-33499
0.37718894895907057,0.05241225417206696,0.28982016398619015,0.42040280499023686,0,33450-33549
0.08651834937554204,0.31023263117827565,0.537927499539673,0.4230270561818605,0,33500-33599
0.15655712501562244,0.22509247368734633,0.5072726562432152,0.43500213712216745,0,33550-33649
0.3267540222063346,0.13336451856031706,0.5088448140833479,0.3903908817244564,0,33600-33699
-0.07574767976792882,0.4536381129393493,0.7715228598230554,0.26485982098124,0,33650-33749
0.011482499930328401,0.5461222251867778,0.5728820029094281,0.02397102535490323,0,33700-33799
-0.036880759323639295,0.49083756725699773,0.7595867442948046,0.2110551638751119,0,33750-33849
0.31923063497051407,0.05600175501113008,0.5062555541686661,0.6214389743033985,0,33800-33899
0.22777943093169042,0.12266513999734631,0.6368709927812946,0.56354939667163,0,33850-33949
-0.006436857827339693,0.4892613389296377,1.0033286709830411,0.4438229193460925,0,33900-33999
-0.05847899917892833,0.3984115308852375,0.9868833687999118,0.4293536210091191,0,33950-34049
-0.17662867597482254,0.5318166291397327,0.8150621411536505,0.18949150474548357,0,34000-34099
-0.11995446919328012,0.6417345185840143,0.6153297282863508,-0.05389833641588176,0,34050-34149
0.8486590477136039,-0.2472815789611402,-0.22077346553031663,0.4439239485746233,0,34100-34199
0.696318280507405,-0.14990060899201652,-0.037479128990336515,0.43802732780502485,0,34150-34249
-0.05536739422734806,0.35950132132375867,0.6884656475213136,0.25478765065072706,0,34200-34299
1.1120979989276756,-0.5987297162633097,-0.6462515597026715,0.7444763003471797,0,34250-34349
0.14662198828553694,0.29496233684695505,0.6037118044511736,0.29468489444328294,0,34300-34399
0.043146910805783055,0.4481199308464227,0.6052626614931751,0.09295282482317209,0,34350-34449
0.7282829317000221,-0.09461344257942267,-0.058498264749336594,0.13135175542575325,0,34400-34499
0.5392060222298197,-0.015343402838318334,0.16394080858307952,0.16316412107269843,0,34450-34549
0.9517711358157985,-0.2771041352782961,-0.30353107219654346,0.19493628170205396,0,34500-34599
1.09377886561638,-0.41236553519096397,-0.3900259707730473,0.295063062600565,0,34550-34649
0.31916868995859815,0.2005687021996714,0.43682734469074397,0.19866292752397394,0,34600-34699
-0.09440415161762161,0.7729300163415956,0.558211293036529,-0.26495740040407373,0,34650-34749
0.2656815553841216,0.5018146713447995,0.18656104607095578,-0.11674087191192034,0,34700-34799
0.14387716887256735,0.5732736804143878,0.40274224811457987,0.021176239119092697,0,34750-34849
0.8260790165199561,-0.21859554049439217,-0.3838987400147838,0.509444223831844,0,34800-34899
0.8457487978342069,-0.15164220773813886,-0.23774524825248067,0.23592701836705773,0,34850-34949
-0.18753348997655658,0.5682944673615418,0.9505735723986785,0.18371521054142095,0,34900-34999
0.47114919513866893,0.0786091191078613,0.07371613467854485,-0.11766985017708871,0,34950-35049
0.4232870939881524,0.06606507524618438,0.10086105898504358,-0.12301379340869632,0,35000-35099
1.9043338550433808,-0.9681777214059228,-1.9052055309499738,0.9995293826372478,0,35050-35149
0.008968257407428145,0.2378643214914061,0.40410494911389894,0.17885313978450482,0,35100-35199
0.226089736589984,0.14044936141773035,0.5098761050682191,0.5527430949384615,0,35150-35249
0.3168810587622321,0.0911367744784381,0.42238071567206004,0.48179541160547434,0,35200-35299
0.2513042640384908,0.21284771731243826,0.5116511502090441,0.42251222674972533,0,35250-35349
-0.28550648368102954,0.5970618108182909,1.1234840211890211,0.3139212266571405,0,35300-35399
1.1247614206412573,-0.7158625875749943,-0.9204535989252391,0.8702065391396901,0,35350-35449
1.0784379612323074,-0.6166633750304925,-0.8781453100798978,0.8469733837815239,0,35400-35499
-0.11274995985874664,0.5967346709582132,0.6868760820061067,0.07166511355564752,0,35450-35549
-0.16897288539436917,0.5488926419046886,0.8298171445247755,0.24032579290374217,0,35500-35599
1.0609510819419907,-0.47068701654750233,-0.31889109506135477,0.53779746467192,0,35550-35649
1.1106703661283732,-0.5015224720932822,-0.4489681759821561,0.5363535947253798,0,35600-35699
1.053239928716916,-0.396276159878192,-0.44630860343968626,0.33594762010672674,0,35650-35749
-0.14518828075490461,0.5770584626880719,0.6866262837551946,-0.05368179966622552,0,35700-35799
-0.17687171297084164,0.6235238829173283,0.5369176595305241,-0.2158009736016345,0,35750-35849
-0.22108647904460077,0.572724432307765,0.5649265114767579,-0.1782346311446252,0,35800-35899
0.8992032518048998,-0.5090771219137583,-0.37861598964239235,0.743328366028795,0,35850-35949
0.2691182104916272,0.14557862847511632,0.5435402754714301,0.4852197280016507,0,35900-35999
-0.2627430962389285,0.5878011847771009,1.3075359005071014,0.5290791906573593,0,35950-36049
-0.19344409835104973,0.5465204914398575,0.9107001092668972,0.22938866183935147,0,36000-36099
-0.68952299840522,0.09282270838969589,1.2891380933118688,0.574159751983739,0,36050-36149
-0.6282733874955533,0.16559948770272068,1.2457113886955795,0.47963912451014024,0,36100-36199
0.8652043825116988,-0.31640161161347174,-0.19273828226720466,0.5854077728310044,0,36150-36249
0.961092299621966,-0.3966826834245276,-0.20792748805856906,0.5691206515183322,0,36200-36299
1.0885705251300961,-0.4678834717531891,-0.2297415039514531,0.47063043089211587,0,36250-36349
0.6073082884321735,0.04582127056903268,0.43517978219004533,0.3452814968145158,0,36300-36399
-0.16348115212620162,0.629532767060336,0.9850385162133946,0.2805188875205416,0,36350-36449
-0.2302181107510997,0.659026291894862,0.908499074716141,0.12406541467890758,0,36400-36499
-0.023177339737480252,0.5283700219435805,0.8400195669265615,0.33589907581081324,0,36450-36549
0.1423645186043045,0.3582913414571155,0.6090235883758803,0.5138533157426323,0,36500-36599
0.2039891657658034,0.14910481807963055,0.5588230033498087,0.635066330608585,0,36550-36649
0.3141059686985313,0.15306976739530925,0.5985025403572689,0.478792145748589,0,36600-36699
-0.14304841484344796,0.5686136015322489,0.7859229622228452,0.21929224903275793,0,36650-36749
-0.12944610897381592,0.5584161420429542,0.674241731547217,0.11333930001510331,0,36700-36799
-0.48238671431315105,0.2506881758216614,1.0585203516912638,0.249770573867757,0,36750-36849
-0.5999617137325624,0.20190009516132518,1.176098918433397,0.3675402729465193,0,36800-36899
-0.21043159610681494,0.6132488579797096,0.95639760114657,0.21537609241270653,0,36850-36949
0.46998042719892164,0.026989907086416978,0.3483571930433071,0.4115337646534684,0,36900-36999
0.16829405338199022,0.26978714675129445,0.7189009907332664,0.44599981298005925,0,36950-37049
-0.09355889462902553,0.5863292496007187,0.9481153274314387,0.3379089418417448,0,37000-37099
-0.12675087363856372,0.6580319143718274,0.7903904141505023,0.09010632918450825,0,37050-37149
-0.1601825863461367,0.6289380172127291,0.8414710778634906,0.15537812891400812,0,37100-37199
0.5351572790942474,0.004056274803338175,0.17761841687448432,0.4562355956005337,0,37150-37249
1.0059367446951113,-0.37957840693412387,-0.2371304011639827,0.42646322025492334,0,37200-37299
0.462347954406438,0.04227905263084346,0.12358432799521175,0.2871423525619625,0,37250-37349
0.48632383542133395,0.04546505462157535,0.056577196981184165,0.2767368310825318,0,37300-37399
0.27060939723520305,0.2520246384191293,0.3620790598395689,0.2662330692221394,0,37350-37449
0.13872232954752192,0.4803619682922697,0.3880113110794093,0.05683510734011108,0,37400-37499
-0.17852171878466172,0.8214434983460874,0.7165654442559273,-0.2815505586907155,0,37450-37549
-0.21256785539353318,0.6474297920260749,0.8275523569658608,0.07590944431363397,0,37500-37599
-0.11998720572675597,0.5974467111960065,0.8169829713975297,0.18061019597446742,0,37550-37649
0.8676719698531657,-0.27998002838008773,-0.2530536146182474,0.5207928016698202,0,37600-37699
1.000517936405597,-0.36723211770133346,-0.4123934410191992,0.48935961221444385,0,37650-37749
0.14575052785491088,0.3863917766724654,0.4381840865836356,0.17679718868559524,0,37700-37799
1.0606969503876933,-0.31004894944753175,-0.6728027644796959,0.28357447052749146,0,37750-37849
1.756627230175054,-0.8075004384077312,-1.3715123510325598,0.37157445688497664,0,37800-37899
-0.21292749458839805,0.6012310023092287,0.9939672334751388,0.28264150608615135,0,37850-37949
0.036122234828827524,0.38962515287887206,0.6665949133007522,0.40912979099528796,0,37900-37999
0.2094097220082822,0.17859844677504483,0.5656106828890834,0.512252416976235,0,37950-38049
0.19315225684236623,0.23893026791083496,0.5400766905120445,0.38080486097326693,0,38000-38099
-0.11569598702888509,0.5546037887357623,0.7771173305591597,0.039965507472230634,0,38050-38149
-0.2683571919540053,0.6993606356257225,0.8925901268538012,-0.05491531609101082,0,38100-38199
0.0625752722861093,0.3745136148308615,0.5820537233102535,0.3657171576818133,0,38150-38249
0.19986026185894076,0.18374097458077174,0.5368565839704442,0.5081427122238994,0,38200-38299
0.48949751321572443,-0.018486359744129235,0.22648558620570436,0.33383086783422594,0,38250-38349
-0.28018239016908897,0.5271240657100827,1.1266921413700597,0.31049908369566614,0,38300-38399
-0.23096076330934207,0.6074539028043062,0.99624622139788,0.177323829165389,0,38350-38449
-0.13716349913025228,0.6603392568125146,0.7149286159669095,-0.04239449477106416,0,38400-38499
-0.10261369390299228,0.5361690080721407,0.8006295903849747,0.07756510048482998,0,38450-38549
0.8991117584746228,-0.29953453364274024,-0.059910943039108266,0.2862425805294887,0,38500-38599
0.9749070231078727,-0.33009281429300136,-0.09022624583369886,0.28361548401109926,0,38550-38649
0.5541688265040093,-0.013987496388650874,0.37678396539200165,0.39694313051479585,0,38600-38699
0.2545145537744591,0.20636993444978816,0.6542032100631603,0.4032537022997255,0,38650-38749
-0.10854511109631435,0.4954104117447179,0.885345803108536,0.2973504165396086,0,38700-38799
-0.1137893268896446,0.4118720951635796,0.7988640433934873,0.33840283082609945,0,38750-38849
0.3534281675744013,0.25287031317020425,0.2945503104898407,0.2136393854583218,0,38800-38899
0.17566763063733715,0.3832320292863615,0.5666448612429804,0.29210944474150186,0,38850-38949
-0.07857265022974322,0.587892558033378,0.8823591885919247,0.29873286603355786,0,38900-38999
-0.15058463950775675,0.5899145381993276,0.9146773841652134,0.25346545897599776,0,38950-39049
-0.20971160645501438,0.5403295466733186,0.9460036744824005,0.3545399878631696,0,39000-39099
-0.18982420624685212,0.5185349432364225,0.8467372397352022,0.2892845327407732,0,39050-39149
-0.06520327142131402,0.49847977686492595,0.693313601137523,0.14928816202743467,0,39100-39199
-0.18451719396278765,0.6556417676261836,0.8119130834553825,0.08135280404563851,0,39150-39249
1.0382785809282948,-0.3984603590200373,-0.4317320702680846,0.5153072435368263,0,39200-39299
0.7949007650035699,-0.16592694752152928,0.056114523726086434,0.29123262478376605,0,39250-39349
1.6862856886547801,-0.7272816543698855,-1.276219237044617,0.2948639632398435,0,39300-39399
0.8801863391568931,-0.1703473839339201,-0.5742215961769168,0.1432817390474602,0,39350-39449
-0.0849703285268549,0.6183393024652061,0.5929084729791407,-0.035932188852898686,0,39400-39499
0.8597870569102297,-0.36963091318339597,-0.37901553801649973,0.40338206989003245,0,39450-39549
-0.02654531712804077,0.20782154824608542,0.47988065540577246,0.2981772247827905,0,39500-39599
0.1394574002025434,0.205861552888549,0.39050615892372254,0.36303398154635935,0,39550-39649
0.47832443961580107,0.039924488861679756,0.27904086998766664,0.41426817098035973,0,39600-39699
0.8861523949436059,-0.2813992574930252,-0.04204169354305099,0.3317335214351763,0,39650-39749
0.9949219923019403,-0.34322643648973694,-0.3251616057493697,0.36477690985731803,0,39700-39799
-0.011490357285823725,0.7057070341646385,0.5321942330198097,-0.11890966731527153,0,39750-39849
-0.11661105417737858,0.6789171163474196,0.733506429206623,6.303362211277477e-05,0,39800-39899
-0.4592653585991153,0.5348044063278691,1.2257252531255658,0.24275475806945615,0,39850-39949
-0.34698133073284027,0.39894048370663066,1.2357405414173943,0.41980481035994266,0,39900-39999
0.3696482145340879,0.10186139678027055,0.5085253178093303,0.40472986724655957,0,39950-40049
1.0813675788255015,-0.42303100774455205,-0.27897139108207675,0.3001075603480002,0,40000-40099
-0.17563625603323113,0.6347469201115601,0.6715938908283116,-0.0826309929282367,0,40050-40149
0.7513527080803419,-0.12210332284592909,-0.3819964695000097,0.41494807940342193,0,40100-40199
0.4871190968796143,0.03772703785849973,0.17471867737723346,0.6559558209074903,0,40150-40249
-0.22443134837151546,0.5861448179902962,0.7685492618086024,0.021986971112137436,0,40200-40299
-0.4530385397821356,0.43590614793603927,1.2175288382020717,0.3741007906108652,0,40250-40349
-0.1527268676791305,0.6034097365891378,0.8889072674319247,0.17172725011181328,0,40300-40399
-0.1660014849658811,0.5134732125590271,0.8103108765318745,0.16261116182321328,0,40350-40449
-0.28096515922229204,0.5058015893662007,0.8727429215200897,0.13752161959332235,0,40400-40499
-0.25868523730471454,0.6087560754675059,0.8624824768158372,0.06906033870899199,0,40450-40549
-0.22694903797961152,0.616856888083631,0.9597766080424541,0.22136081374064678,0,40500-40599
0.49110115690255424,-0.003074135627710454,0.27238599472680514,0.5779992625400551,0,40550-40649
1.1716438408730756,-0.49103096581051175,-0.3923785269269445,0.38108794167398635,0,40600-40699
1.2664844689086672,-0.5566418948994081,-0.5406204916350478,0.3527618706730597,0,40650-40749
-0.03966337971052044,0.4781732466460164,0.7479803531836128,0.18256243949315462,0,40700-40799
0.04133482243456467,0.5504795380679446,0.5967595527784302,0.008058374225926616,0,40750-40849
0.7586498725267531,-0.1303943642354843,0.0035946290405216006,0.2861257692557531,0,40800-40899
0.5395959223017258,-0.02594578952762504,0.23373427528092813,0.5116710128946087,0,40850-40949
0.4569959670775894,0.06936764395368897,0.3300681557488179,0.30840832969646825,0,40900-40999
0.2751333464727291,0.20827745114439616,0.5985368690063054,0.29791444563802866,0,40950-41049
-0.0894564365704835,0.4897137620201777,0.9730463395952369,0.3213027226327857,0,41000-41099
-0.16671291856278303,0.4582856540990279,0.8151569490087412,0.15237610078157665,0,41050-41149
-0.01279527701674854,0.6261429386833498,0.45840362495408926,-0.14505956248351748,0,41100-41199
-0.12135919635844533,0.6735159736102733,0.816391333977616,0.23751955687347906,0,41150-41249
-0.1567349534453893,0.6608434626629236,0.9359681766945587,0.2628487586016334,0,41200-41299
1.0858205157651373,-0.47112024190891827,-0.36006148747334726,0.5272681787130933,0,41250-41349
1.155387615294919,-0.4723104793764965,-0.3465276091903557,0.29997302394277986,0,41300-41399
-0.12573182803841818,0.5309249954652566,0.9109695214774322,0.1630881349399055,0,41350-41449
-0.15314063701802072,0.5985117753749674,0.7780586740094562,0.09168173732906611,0,41400-41499
-0.004095253649786289,0.49421098102420014,0.7411893597123332,0.22026071874048084,0,41450-41549
0.47813370895184515,0.03209995124305055,0.21775747411257826,0.3284012901858457,0,41500-41599
-0.10149496450032336,0.4616835373841251,0.805515370915419,0.14982316580171826,0,41550-41649
1.6869445259666138,-0.7475687005973011,-0.9975925304804423,-0.002384665014877176,0,41600-41699
1.0343730387290506,-0.4033663706974951,-0.21949122531491697,0.27306971491563586,0,41650-41749
-0.14171681302945627,0.49363142647966934,0.8823029622739447,0.2556817305706102,0,41700-41799
-0.04120679601751774,0.5411154431871936,0.6955029961242418,0.17287264320224155,0,41750-41849
0.9951212308000615,-0.33226808627827037,-0.3380528533173255,0.4377906805923973,0,41800-41899
0.9664086024680315,-0.38774533300434877,-0.30175843083208,0.46753416519496865,0,41850-41949
1.073965063584268,-0.43765877173266293,-0.32936634210680293,0.37078567862758344,0,41900-41999
-0.0011731658747533274,0.41295892759767994,0.9062421507766564,0.35264468350111683,0,41950-42049
-0.08680467523874558,0.44006923040022355,1.051050457514025,0.36357056770505597,0,42000-42099
-0.33362715018340094,0.6518648503261774,1.0231850855671065,0.046672287260873684,0,42050-42149
-0.060034244743130905,0.7179183103557435,0.48918126959717945,-0.2118364049915878,0,42100-42199
0.035370955001951615,0.7503836252794474,0.4456432734185376,-0.152087992506971,0,42150-42249
-0.11582058512980045,0.5325946140285099,0.9110954959998325,0.3927337121497389,0,42200-42299
-0.16005793448449204,0.5701537442434276,0.9700052634270648,0.3253278004796188,0,42250-42349
0.3487558700815215,0.1553313637264466,0.47452625216637134,0.24958016600408592,0,42300-42399
1.226509676285879,-0.45770375011653364,-0.3573059628723946,0.01258806598695896,0,42350-42449
-0.3367606095111699,0.540974593651631,1.0154492700176625,0.14168538498203062,0,42400-42499
-0.3114656731851221,0.6384376859913072,1.004014607613391,0.14976863945542226,0,42450-42549
-0.1873046165822253,0.6486820683983738,1.00437754541882,0.2744802996289324,0,42500-42599
0.13648301625997747,0.320796406455775,0.6636752616132056,0.3268786548310391,0,42550-42649
1.1225255333753108,-0.42995553483057924,-0.29361940317858887,0.19867567232389194,0,42600-42699
0.2879271415200373,0.16014997581407853,0.5820347281190885,0.2674484725353665,0,42650-42749
-0.30729430536569097,0.5744450291828864,1.15277113788818,0.42287236457584787,0,42700-42799
-0.21676792050746688,0.4152479292560328,0.9080668776362836,0.3038431296082749,0,42750-42849
0.36615669582649407,0.1868396035834055,0.24349647984145686,-0.02603772176051183,0,42800-42899
1.0603337887551914,-0.4222804184529907,-0.4682907229020746,0.40811803951382974,0,42850-42949
-0.2121797263753295,0.5878589546388747,1.049321358125369,0.3047312096248488,0,42900-42999
-0.25178147124455913,0.560852762781367,1.2909345651201825,0.5001749314970383,0,42950-43049
-0.22942606740030247,0.5419293914029819,1.232156118984113,0.4485115944539704,0,43000-43099
-0.2492319803030965,0.524923514260899,1.0673959834928384,0.28654605475979383,0,43050-43149
-0.19740316784474166,0.6816866139508269,0.8565507068765397,0.02818358014833548,0,43100-43199
0.30298504792052333,0.2640897279337013,0.35499898244070965,0.30379755446919904,0,43150-43249
0.3775320780538912,0.09875944115855041,0.3309354629824397,0.5268990865094841,0,43200-43299
1.0730376286193044,-0.49709065828137367,-0.5125626385574262,0.610947823963309,0,43250-43349
1.2499969444962185,-0.5444266893767175,-0.6212947516013366,0.4293330202787583,0,43300-43399
1.4371552443975841,-0.6338697013436938,-0.5917678229727422,0.16231854010303903,0,43350-43449
-0.02184513386476576,0.5019507535391649,0.752009428030935,0.19205084843501122,0,43400-43499
-0.03299849449360498,0.6780647921573629,0.6800763643510868,0.051495218211596555,0,43450-43549
0.2230662532092048,0.3577267761503526,0.4427105448569906,0.4785476949998539,0,43500-43599
-0.15492497153658863,0.6828134237324783,0.9492311251995093,0.2744285088370958,0,43550-43649
0.20894204792604054,0.3576754525757347,0.6535800935259461,0.4721583368817768,0,43600-43699
-0.220453752270808,0.5616088769913012,1.0624795953898494,0.28732332241098407,0,43650-43749
1.3190899439426613,-0.5735568449248173,-0.7425652633573532,-0.014808261476416666,0,43700-43799
