date_time_bucket, passenger_count
2012-01-01_00-00,10224
2012-01-01_00-30,13132
2012-01-01_01-00,12615
2012-01-01_01-30,12104
2012-01-01_02-00,11330
2012-01-01_02-30,10758
2012-01-01_03-00,10057
2012-01-01_03-30,8855
2012-01-01_04-00,7849
2012-01-01_04-30,6002
2012-01-01_05-00,4550
2012-01-01_05-30,3647
2012-01-01_06-00,2745
2012-01-01_06-30,2463
2012-01-01_07-00,2071
2012-01-01_07-30,1944
2012-01-01_08-00,1898
2012-01-01_08-30,2095
2012-01-01_09-00,2380
2012-01-01_09-30,2971
2012-01-01_10-00,3585
2012-01-01_10-30,4440
2012-01-01_11-00,4917
2012-01-01_11-30,5689
2012-01-01_12-00,6236
2012-01-01_12-30,6651
2012-01-01_13-00,7117
2012-01-01_13-30,7192
2012-01-01_14-00,7447
2012-01-01_14-30,7338
2012-01-01_15-00,7011
2012-01-01_15-30,7372
2012-01-01_16-00,7204
2012-01-01_16-30,6591
2012-01-01_17-00,7113
2012-01-01_17-30,7378
2012-01-01_18-00,7961
2012-01-01_18-30,8071
2012-01-01_19-00,7502
2012-01-01_19-30,7397
2012-01-01_20-00,8760
2012-01-01_20-30,7349
2012-01-01_21-00,5783
2012-01-01_21-30,6183
2012-01-01_22-00,5777
2012-01-01_22-30,5107
2012-01-01_23-00,5006
2012-01-01_23-30,6154
2012-01-02_00-00,12833
2012-01-02_00-30,10964
2012-01-02_01-00,9562
2012-01-02_01-30,7191
2012-01-02_02-00,6418
2012-01-02_02-30,5184
2012-01-02_03-00,4227
2012-01-02_03-30,3806
2012-01-02_04-00,3728
2012-01-02_04-30,2843
2012-01-02_05-00,2438
2012-01-02_05-30,2859
2012-01-02_06-00,3095
2012-01-02_06-30,3761
2012-01-02_07-00,3871
2012-01-02_07-30,4639
2012-01-02_08-00,5545
2012-01-02_08-30,7011
2012-01-02_09-00,8389
2012-01-02_09-30,10328
2012-01-02_10-00,11327
2012-01-02_10-30,13041
2012-01-02_11-00,14046
2012-01-02_11-30,15882
2012-01-02_12-00,16910
2012-01-02_12-30,17818
2012-01-02_13-00,18060
2012-01-02_13-30,18513
2012-01-02_14-00,18640
2012-01-02_14-30,20492
2012-01-02_15-00,19708
2012-01-02_15-30,19779
2012-01-02_16-00,19340
2012-01-02_16-30,17966
2012-01-02_17-00,19483
2012-01-02_17-30,19869
2012-01-02_18-00,20503
2012-01-02_18-30,21617
2012-01-02_19-00,20112
2012-01-02_19-30,18600
2012-01-02_20-00,16139
2012-01-02_20-30,16030
2012-01-02_21-00,14981
2012-01-02_21-30,15233
2012-01-02_22-00,16057
2012-01-02_22-30,14117
2012-01-02_23-00,11347
2012-01-02_23-30,10272
2012-01-03_00-00,8728
2012-01-03_00-30,7308
2012-01-03_01-00,5294
2012-01-03_01-30,4307
2012-01-03_02-00,3461
2012-01-03_02-30,2858
2012-01-03_03-00,2189
2012-01-03_03-30,2139
2012-01-03_04-00,2297
2012-01-03_04-30,1950
2012-01-03_05-00,2238
2012-01-03_05-30,3867
2012-01-03_06-00,6467
2012-01-03_06-30,11011
2012-01-03_07-00,14283
2012-01-03_07-30,18401
2012-01-03_08-00,20213
2012-01-03_08-30,21491
2012-01-03_09-00,19952
2012-01-03_09-30,18496
2012-01-03_10-00,16579
2012-01-03_10-30,16251
2012-01-03_11-00,15631
2012-01-03_11-30,17772
2012-01-03_12-00,17281
2012-01-03_12-30,18588
2012-01-03_13-00,17754
2012-01-03_13-30,18680
2012-01-03_14-00,19114
2012-01-03_14-30,21003
2012-01-03_15-00,21700
2012-01-03_15-30,19862
2012-01-03_16-00,18368
2012-01-03_16-30,17671
2012-01-03_17-00,20239
2012-01-03_17-30,22919
2012-01-03_18-00,25835
2012-01-03_18-30,26710
2012-01-03_19-00,26016
2012-01-03_19-30,24324
2012-01-03_20-00,22584
2012-01-03_20-30,20679
2012-01-03_21-00,20482
2012-01-03_21-30,21174
2012-01-03_22-00,18512
2012-01-03_22-30,15968
2012-01-03_23-00,14235
2012-01-03_23-30,11376
2012-01-04_00-00,11205
2012-01-04_00-30,7485
2012-01-04_01-00,6230
2012-01-04_01-30,4539
2012-01-04_02-00,3670
2012-01-04_02-30,2734
2012-01-04_03-00,2527
2012-01-04_03-30,1988
2012-01-04_04-00,2140
2012-01-04_04-30,1726
2012-01-04_05-00,1871
2012-01-04_05-30,3689
2012-01-04_06-00,6329
2012-01-04_06-30,11361
2012-01-04_07-00,15489
2012-01-04_07-30,20531
2012-01-04_08-00,22777
2012-01-04_08-30,23652
2012-01-04_09-00,22723
2012-01-04_09-30,20930
2012-01-04_10-00,18115
2012-01-04_10-30,18307
2012-01-04_11-00,17366
2012-01-04_11-30,18979
2012-01-04_12-00,19053
2012-01-04_12-30,19915
2012-01-04_13-00,18876
2012-01-04_13-30,19677
2012-01-04_14-00,19490
2012-01-04_14-30,21271
2012-01-04_15-00,21715
2012-01-04_15-30,20639
2012-01-04_16-00,18248
2012-01-04_16-30,17307
2012-01-04_17-00,20171
2012-01-04_17-30,23711
2012-01-04_18-00,25814
2012-01-04_18-30,27231
2012-01-04_19-00,27906
2012-01-04_19-30,25805
2012-01-04_20-00,24226
2012-01-04_20-30,22598
2012-01-04_21-00,22546
2012-01-04_21-30,21924
2012-01-04_22-00,22180
2012-01-04_22-30,20029
2012-01-04_23-00,16725
2012-01-04_23-30,13338
2012-01-05_00-00,11428
2012-01-05_00-30,8678
2012-01-05_01-00,6688
2012-01-05_01-30,5344
2012-01-05_02-00,4042
2012-01-05_02-30,3440
2012-01-05_03-00,2871
2012-01-05_03-30,2420
2012-01-05_04-00,2334
2012-01-05_04-30,1926
2012-01-05_05-00,1992
2012-01-05_05-30,3573
2012-01-05_06-00,6172
2012-01-05_06-30,11138
2012-01-05_07-00,15978
2012-01-05_07-30,20862
2012-01-05_08-00,22961
2012-01-05_08-30,23882
2012-01-05_09-00,22040
2012-01-05_09-30,20557
2012-01-05_10-00,18792
2012-01-05_10-30,18451
2012-01-05_11-00,17032
2012-01-05_11-30,18451
2012-01-05_12-00,18893
2012-01-05_12-30,18899
2012-01-05_13-00,17921
2012-01-05_13-30,19888
2012-01-05_14-00,20309
2012-01-05_14-30,21725
2012-01-05_15-00,21479
2012-01-05_15-30,20028
2012-01-05_16-00,18025
2012-01-05_16-30,16517
2012-01-05_17-00,19212
2012-01-05_17-30,23019
2012-01-05_18-00,25980
2012-01-05_18-30,27269
2012-01-05_19-00,27363
2012-01-05_19-30,27041
2012-01-05_20-00,25723
2012-01-05_20-30,25021
2012-01-05_21-00,24824
2012-01-05_21-30,25210
2012-01-05_22-00,24368
2012-01-05_22-30,23125
2012-01-05_23-00,20538
2012-01-05_23-30,18401
2012-01-06_00-00,15141
2012-01-06_00-30,12112
2012-01-06_01-00,10107
2012-01-06_01-30,7794
2012-01-06_02-00,6411
2012-01-06_02-30,5561
2012-01-06_03-00,4088
2012-01-06_03-30,3626
2012-01-06_04-00,3626
2012-01-06_04-30,2515
2012-01-06_05-00,2420
2012-01-06_05-30,4012
2012-01-06_06-00,6363
2012-01-06_06-30,10858
2012-01-06_07-00,14907
2012-01-06_07-30,19885
2012-01-06_08-00,22105
2012-01-06_08-30,22611
2012-01-06_09-00,21396
2012-01-06_09-30,20440
2012-01-06_10-00,17853
2012-01-06_10-30,18660
2012-01-06_11-00,17172
2012-01-06_11-30,19199
2012-01-06_12-00,19519
2012-01-06_12-30,19476
2012-01-06_13-00,18413
2012-01-06_13-30,19502
2012-01-06_14-00,20256
2012-01-06_14-30,20980
2012-01-06_15-00,19987
2012-01-06_15-30,18645
2012-01-06_16-00,17201
2012-01-06_16-30,16453
2012-01-06_17-00,20193
2012-01-06_17-30,22683
2012-01-06_18-00,25349
2012-01-06_18-30,27582
2012-01-06_19-00,29724
2012-01-06_19-30,29505
2012-01-06_20-00,28072
2012-01-06_20-30,27236
2012-01-06_21-00,26141
2012-01-06_21-30,25917
2012-01-06_22-00,27225
2012-01-06_22-30,28604
2012-01-06_23-00,28502
2012-01-06_23-30,27606
2012-01-07_00-00,27404
2012-01-07_00-30,25149
2012-01-07_01-00,23757
2012-01-07_01-30,21911
2012-01-07_02-00,20028
2012-01-07_02-30,17635
2012-01-07_03-00,15390
2012-01-07_03-30,12725
2012-01-07_04-00,10914
2012-01-07_04-30,6328
2012-01-07_05-00,3968
2012-01-07_05-30,3298
2012-01-07_06-00,3085
2012-01-07_06-30,4035
2012-01-07_07-00,4867
2012-01-07_07-30,6530
2012-01-07_08-00,7028
2012-01-07_08-30,9888
2012-01-07_09-00,11271
2012-01-07_09-30,15136
2012-01-07_10-00,14997
2012-01-07_10-30,17990
2012-01-07_11-00,17848
2012-01-07_11-30,20434
2012-01-07_12-00,20362
2012-01-07_12-30,22062
2012-01-07_13-00,21985
2012-01-07_13-30,22060
2012-01-07_14-00,21204
2012-01-07_14-30,21901
2012-01-07_15-00,21752
2012-01-07_15-30,22688
2012-01-07_16-00,21511
2012-01-07_16-30,20076
2012-01-07_17-00,21343
2012-01-07_17-30,25229
2012-01-07_18-00,26559
2012-01-07_18-30,27826
2012-01-07_19-00,30073
2012-01-07_19-30,29945
2012-01-07_20-00,26856
2012-01-07_20-30,25147
2012-01-07_21-00,24881
2012-01-07_21-30,25985
2012-01-07_22-00,28044
2012-01-07_22-30,29937
2012-01-07_23-00,31830
2012-01-07_23-30,32384
2012-01-08_00-00,30652
2012-01-08_00-30,28845
2012-01-08_01-00,26451
2012-01-08_01-30,24955
2012-01-08_02-00,23275
2012-01-08_02-30,21083
2012-01-08_03-00,18452
2012-01-08_03-30,15514
2012-01-08_04-00,13033
2012-01-08_04-30,7152
2012-01-08_05-00,4615
2012-01-08_05-30,3400
2012-01-08_06-00,3066
2012-01-08_06-30,3307
2012-01-08_07-00,3482
2012-01-08_07-30,5009
2012-01-08_08-00,6292
2012-01-08_08-30,8176
2012-01-08_09-00,9586
2012-01-08_09-30,12677
2012-01-08_10-00,14271
2012-01-08_10-30,17959
2012-01-08_11-00,18087
2012-01-08_11-30,20039
2012-01-08_12-00,21232
2012-01-08_12-30,23358
2012-01-08_13-00,22745
2012-01-08_13-30,22350
2012-01-08_14-00,22187
2012-01-08_14-30,21489
2012-01-08_15-00,20299
2012-01-08_15-30,20841
2012-01-08_16-00,21266
2012-01-08_16-30,20224
2012-01-08_17-00,20483
2012-01-08_17-30,21658
2012-01-08_18-00,22411
2012-01-08_18-30,22662
2012-01-08_19-00,20643
2012-01-08_19-30,18070
2012-01-08_20-00,18951
2012-01-08_20-30,18411
2012-01-08_21-00,17078
2012-01-08_21-30,15835
2012-01-08_22-00,15134
2012-01-08_22-30,13213
2012-01-08_23-00,11382
2012-01-08_23-30,9502
2012-01-09_00-00,8013
2012-01-09_00-30,6210
2012-01-09_01-00,4956
2012-01-09_01-30,3945
2012-01-09_02-00,3073
2012-01-09_02-30,2387
2012-01-09_03-00,2146
2012-01-09_03-30,1875
2012-01-09_04-00,2067
2012-01-09_04-30,1938
2012-01-09_05-00,2294
2012-01-09_05-30,4140
2012-01-09_06-00,6672
2012-01-09_06-30,11282
2012-01-09_07-00,14380
2012-01-09_07-30,19319
2012-01-09_08-00,21687
2012-01-09_08-30,22718
2012-01-09_09-00,20793
2012-01-09_09-30,18992
2012-01-09_10-00,16528
2012-01-09_10-30,16709
2012-01-09_11-00,15348
2012-01-09_11-30,16794
2012-01-09_12-00,16470
2012-01-09_12-30,16834
2012-01-09_13-00,15786
2012-01-09_13-30,17120
2012-01-09_14-00,17026
2012-01-09_14-30,19387
2012-01-09_15-00,19565
2012-01-09_15-30,18514
2012-01-09_16-00,16986
2012-01-09_16-30,17194
2012-01-09_17-00,19689
2012-01-09_17-30,22283
2012-01-09_18-00,24893
2012-01-09_18-30,25553
2012-01-09_19-00,25532
2012-01-09_19-30,24252
2012-01-09_20-00,23171
2012-01-09_20-30,20647
2012-01-09_21-00,20154
2012-01-09_21-30,18735
2012-01-09_22-00,19815
2012-01-09_22-30,16432
2012-01-09_23-00,14393
2012-01-09_23-30,13039
2012-01-10_00-00,9941
2012-01-10_00-30,7333
2012-01-10_01-00,5605
2012-01-10_01-30,4381
2012-01-10_02-00,3419
2012-01-10_02-30,2841
2012-01-10_03-00,2335
2012-01-10_03-30,1809
2012-01-10_04-00,2081
2012-01-10_04-30,1821
2012-01-10_05-00,1979
2012-01-10_05-30,3694
2012-01-10_06-00,6233
2012-01-10_06-30,11232
2012-01-10_07-00,14935
2012-01-10_07-30,20408
2012-01-10_08-00,22578
2012-01-10_08-30,23782
2012-01-10_09-00,22463
2012-01-10_09-30,20693
2012-01-10_10-00,18064
2012-01-10_10-30,17689
2012-01-10_11-00,16325
2012-01-10_11-30,18331
2012-01-10_12-00,18039
2012-01-10_12-30,18145
2012-01-10_13-00,17059
2012-01-10_13-30,18338
2012-01-10_14-00,19283
2012-01-10_14-30,20813
2012-01-10_15-00,20430
2012-01-10_15-30,18579
2012-01-10_16-00,17216
2012-01-10_16-30,16344
2012-01-10_17-00,18909
2012-01-10_17-30,22197
2012-01-10_18-00,25017
2012-01-10_18-30,25996
2012-01-10_19-00,25960
2012-01-10_19-30,24734
2012-01-10_20-00,23817
2012-01-10_20-30,22871
2012-01-10_21-00,22977
2012-01-10_21-30,23497
2012-01-10_22-00,22170
2012-01-10_22-30,19471
2012-01-10_23-00,16950
2012-01-10_23-30,13535
2012-01-11_00-00,11188
2012-01-11_00-30,8592
2012-01-11_01-00,6367
2012-01-11_01-30,5165
2012-01-11_02-00,4173
2012-01-11_02-30,3305
2012-01-11_03-00,2677
2012-01-11_03-30,2297
2012-01-11_04-00,2395
2012-01-11_04-30,1924
2012-01-11_05-00,2115
2012-01-11_05-30,3873
2012-01-11_06-00,6347
2012-01-11_06-30,11515
2012-01-11_07-00,15542
2012-01-11_07-30,21002
2012-01-11_08-00,22677
2012-01-11_08-30,23218
2012-01-11_09-00,22014
2012-01-11_09-30,20594
2012-01-11_10-00,17729
2012-01-11_10-30,18436
2012-01-11_11-00,16366
2012-01-11_11-30,18600
2012-01-11_12-00,18512
2012-01-11_12-30,18218
2012-01-11_13-00,17453
2012-01-11_13-30,18945
2012-01-11_14-00,19350
2012-01-11_14-30,21320
2012-01-11_15-00,21375
2012-01-11_15-30,19786
2012-01-11_16-00,17454
2012-01-11_16-30,16673
2012-01-11_17-00,18872
2012-01-11_17-30,22476
2012-01-11_18-00,25606
2012-01-11_18-30,27066
2012-01-11_19-00,27790
2012-01-11_19-30,27240
2012-01-11_20-00,25253
2012-01-11_20-30,24325
2012-01-11_21-00,24776
2012-01-11_21-30,24814
2012-01-11_22-00,26969
2012-01-11_22-30,24458
2012-01-11_23-00,21567
2012-01-11_23-30,19115
2012-01-12_00-00,15365
2012-01-12_00-30,11589
2012-01-12_01-00,8645
2012-01-12_01-30,6910
2012-01-12_02-00,5369
2012-01-12_02-30,4160
2012-01-12_03-00,3322
2012-01-12_03-30,2512
2012-01-12_04-00,2583
2012-01-12_04-30,2236
2012-01-12_05-00,2274
2012-01-12_05-30,4460
2012-01-12_06-00,7795
2012-01-12_06-30,13193
2012-01-12_07-00,17362
2012-01-12_07-30,21651
2012-01-12_08-00,23744
2012-01-12_08-30,23941
2012-01-12_09-00,23403
2012-01-12_09-30,21203
2012-01-12_10-00,18383
2012-01-12_10-30,18261
2012-01-12_11-00,17597
2012-01-12_11-30,21055
2012-01-12_12-00,20114
2012-01-12_12-30,19683
2012-01-12_13-00,17379
2012-01-12_13-30,18835
2012-01-12_14-00,19586
2012-01-12_14-30,20895
2012-01-12_15-00,21072
2012-01-12_15-30,19839
2012-01-12_16-00,17234
2012-01-12_16-30,15899
2012-01-12_17-00,18906
2012-01-12_17-30,22760
2012-01-12_18-00,25660
2012-01-12_18-30,26812
2012-01-12_19-00,27721
2012-01-12_19-30,26979
2012-01-12_20-00,26742
2012-01-12_20-30,25705
2012-01-12_21-00,25228
2012-01-12_21-30,26101
2012-01-12_22-00,25728
2012-01-12_22-30,24527
2012-01-12_23-00,23430
2012-01-12_23-30,19542
2012-01-13_00-00,17605
2012-01-13_00-30,14116
2012-01-13_01-00,13031
2012-01-13_01-30,9426
2012-01-13_02-00,7176
2012-01-13_02-30,5840
2012-01-13_03-00,4799
2012-01-13_03-30,3909
2012-01-13_04-00,3719
2012-01-13_04-30,2918
2012-01-13_05-00,2829
2012-01-13_05-30,4220
2012-01-13_06-00,6691
2012-01-13_06-30,11551
2012-01-13_07-00,15551
2012-01-13_07-30,20343
2012-01-13_08-00,22906
2012-01-13_08-30,23671
2012-01-13_09-00,22809
2012-01-13_09-30,21972
2012-01-13_10-00,19393
2012-01-13_10-30,19617
2012-01-13_11-00,18599
2012-01-13_11-30,20941
2012-01-13_12-00,20597
2012-01-13_12-30,21342
2012-01-13_13-00,20821
2012-01-13_13-30,21966
2012-01-13_14-00,22990
2012-01-13_14-30,23214
2012-01-13_15-00,23034
2012-01-13_15-30,20743
2012-01-13_16-00,18781
2012-01-13_16-30,17054
2012-01-13_17-00,19215
2012-01-13_17-30,23529
2012-01-13_18-00,26182
2012-01-13_18-30,28714
2012-01-13_19-00,30966
2012-01-13_19-30,31203
2012-01-13_20-00,30443
2012-01-13_20-30,29312
2012-01-13_21-00,28741
2012-01-13_21-30,28758
2012-01-13_22-00,29282
2012-01-13_22-30,30514
2012-01-13_23-00,30373
2012-01-13_23-30,30160
2012-01-14_00-00,29078
2012-01-14_00-30,26118
2012-01-14_01-00,24013
2012-01-14_01-30,21271
2012-01-14_02-00,19995
2012-01-14_02-30,17525
2012-01-14_03-00,15519
2012-01-14_03-30,12981
2012-01-14_04-00,11548
2012-01-14_04-30,6270
2012-01-14_05-00,3941
2012-01-14_05-30,3490
2012-01-14_06-00,3464
2012-01-14_06-30,4404
2012-01-14_07-00,4649
2012-01-14_07-30,6250
2012-01-14_08-00,7333
2012-01-14_08-30,10234
2012-01-14_09-00,11523
2012-01-14_09-30,15562
2012-01-14_10-00,16076
2012-01-14_10-30,18749
2012-01-14_11-00,19108
2012-01-14_11-30,21225
2012-01-14_12-00,22183
2012-01-14_12-30,23612
2012-01-14_13-00,24093
2012-01-14_13-30,24061
2012-01-14_14-00,22790
2012-01-14_14-30,23750
2012-01-14_15-00,23721
2012-01-14_15-30,23874
2012-01-14_16-00,22814
2012-01-14_16-30,21325
2012-01-14_17-00,22805
2012-01-14_17-30,26105
2012-01-14_18-00,25852
2012-01-14_18-30,28145
2012-01-14_19-00,30539
2012-01-14_19-30,29925
2012-01-14_20-00,28317
2012-01-14_20-30,27117
2012-01-14_21-00,24998
2012-01-14_21-30,26530
2012-01-14_22-00,27797
2012-01-14_22-30,30647
2012-01-14_23-00,31488
2012-01-14_23-30,33662
2012-01-15_00-00,31638
2012-01-15_00-30,29460
2012-01-15_01-00,27565
2012-01-15_01-30,24909
2012-01-15_02-00,23302
2012-01-15_02-30,21333
2012-01-15_03-00,19000
2012-01-15_03-30,16365
2012-01-15_04-00,14142
2012-01-15_04-30,7292
2012-01-15_05-00,4619
2012-01-15_05-30,3674
2012-01-15_06-00,3242
2012-01-15_06-30,3509
2012-01-15_07-00,3811
2012-01-15_07-30,5098
2012-01-15_08-00,5724
2012-01-15_08-30,7233
2012-01-15_09-00,8889
2012-01-15_09-30,12602
2012-01-15_10-00,14794
2012-01-15_10-30,18860
2012-01-15_11-00,20533
2012-01-15_11-30,23166
2012-01-15_12-00,23681
2012-01-15_12-30,24513
2012-01-15_13-00,25131
2012-01-15_13-30,24563
2012-01-15_14-00,24278
2012-01-15_14-30,24695
2012-01-15_15-00,24024
2012-01-15_15-30,25955
2012-01-15_16-00,25524
2012-01-15_16-30,23344
2012-01-15_17-00,23086
2012-01-15_17-30,24991
2012-01-15_18-00,25177
2012-01-15_18-30,23832
2012-01-15_19-00,22816
2012-01-15_19-30,22297
2012-01-15_20-00,26983
2012-01-15_20-30,22263
2012-01-15_21-00,20520
2012-01-15_21-30,21351
2012-01-15_22-00,21277
2012-01-15_22-30,20108
2012-01-15_23-00,20960
2012-01-15_23-30,17653
2012-01-16_00-00,15075
2012-01-16_00-30,12560
2012-01-16_01-00,10222
2012-01-16_01-30,8374
2012-01-16_02-00,7178
2012-01-16_02-30,5981
2012-01-16_03-00,5080
2012-01-16_03-30,4246
2012-01-16_04-00,4055
2012-01-16_04-30,2887
2012-01-16_05-00,2375
2012-01-16_05-30,2771
2012-01-16_06-00,3504
2012-01-16_06-30,5328
2012-01-16_07-00,6473
2012-01-16_07-30,9383
2012-01-16_08-00,10714
2012-01-16_08-30,13957
2012-01-16_09-00,14593
2012-01-16_09-30,15885
2012-01-16_10-00,15766
2012-01-16_10-30,16984
2012-01-16_11-00,17056
2012-01-16_11-30,19227
2012-01-16_12-00,19893
2012-01-16_12-30,20421
2012-01-16_13-00,19635
2012-01-16_13-30,20095
2012-01-16_14-00,19782
2012-01-16_14-30,20343
2012-01-16_15-00,20071
2012-01-16_15-30,21040
2012-01-16_16-00,19705
2012-01-16_16-30,19237
2012-01-16_17-00,20327
2012-01-16_17-30,22434
2012-01-16_18-00,23370
2012-01-16_18-30,24384
2012-01-16_19-00,23257
2012-01-16_19-30,21387
2012-01-16_20-00,18425
2012-01-16_20-30,17657
2012-01-16_21-00,17258
2012-01-16_21-30,17008
2012-01-16_22-00,17129
2012-01-16_22-30,15959
2012-01-16_23-00,12658
2012-01-16_23-30,11814
2012-01-17_00-00,8694
2012-01-17_00-30,6318
2012-01-17_01-00,5007
2012-01-17_01-30,3730
2012-01-17_02-00,3096
2012-01-17_02-30,2505
2012-01-17_03-00,1989
2012-01-17_03-30,1723
2012-01-17_04-00,1739
2012-01-17_04-30,1728
2012-01-17_05-00,2259
2012-01-17_05-30,4163
2012-01-17_06-00,7022
2012-01-17_06-30,12032
2012-01-17_07-00,16234
2012-01-17_07-30,21389
2012-01-17_08-00,23943
2012-01-17_08-30,24674
2012-01-17_09-00,22974
2012-01-17_09-30,21686
2012-01-17_10-00,18987
2012-01-17_10-30,18931
2012-01-17_11-00,19754
2012-01-17_11-30,22772
2012-01-17_12-00,22784
2012-01-17_12-30,22065
2012-01-17_13-00,19856
2012-01-17_13-30,20431
2012-01-17_14-00,20043
2012-01-17_14-30,23415
2012-01-17_15-00,21623
2012-01-17_15-30,19184
2012-01-17_16-00,16846
2012-01-17_16-30,16635
2012-01-17_17-00,18573
2012-01-17_17-30,22741
2012-01-17_18-00,25215
2012-01-17_18-30,25983
2012-01-17_19-00,26235
2012-01-17_19-30,27782
2012-01-17_20-00,26144
2012-01-17_20-30,23664
2012-01-17_21-00,22409
2012-01-17_21-30,23232
2012-01-17_22-00,21834
2012-01-17_22-30,17882
2012-01-17_23-00,15519
2012-01-17_23-30,14025
2012-01-18_00-00,10912
2012-01-18_00-30,8156
2012-01-18_01-00,6384
2012-01-18_01-30,4981
2012-01-18_02-00,4246
2012-01-18_02-30,3465
2012-01-18_03-00,2759
2012-01-18_03-30,2543
2012-01-18_04-00,2675
2012-01-18_04-30,2112
2012-01-18_05-00,2326
2012-01-18_05-30,4164
2012-01-18_06-00,6929
2012-01-18_06-30,11818
2012-01-18_07-00,15942
2012-01-18_07-30,20740
2012-01-18_08-00,22979
2012-01-18_08-30,22704
2012-01-18_09-00,22229
2012-01-18_09-30,21639
2012-01-18_10-00,19604
2012-01-18_10-30,19602
2012-01-18_11-00,17928
2012-01-18_11-30,20502
2012-01-18_12-00,21162
2012-01-18_12-30,20064
2012-01-18_13-00,19238
2012-01-18_13-30,20614
2012-01-18_14-00,20599
2012-01-18_14-30,22327
2012-01-18_15-00,22339
2012-01-18_15-30,20591
2012-01-18_16-00,18032
2012-01-18_16-30,17511
2012-01-18_17-00,20025
2012-01-18_17-30,23915
2012-01-18_18-00,27074
2012-01-18_18-30,28702
2012-01-18_19-00,29962
2012-01-18_19-30,28649
2012-01-18_20-00,27521
2012-01-18_20-30,27656
2012-01-18_21-00,26874
2012-01-18_21-30,27235
2012-01-18_22-00,26562
2012-01-18_22-30,24750
2012-01-18_23-00,21028
2012-01-18_23-30,16522
2012-01-19_00-00,13541
2012-01-19_00-30,10377
2012-01-19_01-00,8007
2012-01-19_01-30,6135
2012-01-19_02-00,4886
2012-01-19_02-30,3880
2012-01-19_03-00,3332
2012-01-19_03-30,2753
2012-01-19_04-00,2670
2012-01-19_04-30,2099
2012-01-19_05-00,2310
2012-01-19_05-30,4328
2012-01-19_06-00,6785
2012-01-19_06-30,12394
2012-01-19_07-00,16682
2012-01-19_07-30,22056
2012-01-19_08-00,24343
2012-01-19_08-30,24672
2012-01-19_09-00,23738
2012-01-19_09-30,22074
2012-01-19_10-00,20011
2012-01-19_10-30,19935
2012-01-19_11-00,18652
2012-01-19_11-30,20935
2012-01-19_12-00,20832
2012-01-19_12-30,20136
2012-01-19_13-00,19007
2012-01-19_13-30,20977
2012-01-19_14-00,20993
2012-01-19_14-30,22707
2012-01-19_15-00,22339
2012-01-19_15-30,20378
2012-01-19_16-00,17507
2012-01-19_16-30,15929
2012-01-19_17-00,17591
2012-01-19_17-30,21835
2012-01-19_18-00,26689
2012-01-19_18-30,28468
2012-01-19_19-00,29489
2012-01-19_19-30,28383
2012-01-19_20-00,27883
2012-01-19_20-30,27685
2012-01-19_21-00,27426
2012-01-19_21-30,26938
2012-01-19_22-00,27211
2012-01-19_22-30,25995
2012-01-19_23-00,24316
2012-01-19_23-30,21705
2012-01-20_00-00,18047
2012-01-20_00-30,14258
2012-01-20_01-00,10973
2012-01-20_01-30,9099
2012-01-20_02-00,7529
2012-01-20_02-30,6161
2012-01-20_03-00,5119
2012-01-20_03-30,4096
2012-01-20_04-00,4015
2012-01-20_04-30,2921
2012-01-20_05-00,2999
2012-01-20_05-30,4191
2012-01-20_06-00,6866
2012-01-20_06-30,11736
2012-01-20_07-00,16044
2012-01-20_07-30,21524
2012-01-20_08-00,23733
2012-01-20_08-30,24361
2012-01-20_09-00,22598
2012-01-20_09-30,21807
2012-01-20_10-00,19968
2012-01-20_10-30,20681
2012-01-20_11-00,19156
2012-01-20_11-30,20872
2012-01-20_12-00,21401
2012-01-20_12-30,20497
2012-01-20_13-00,20067
2012-01-20_13-30,21713
2012-01-20_14-00,22641
2012-01-20_14-30,23000
2012-01-20_15-00,22618
2012-01-20_15-30,20415
2012-01-20_16-00,18550
2012-01-20_16-30,17668
2012-01-20_17-00,19412
2012-01-20_17-30,24571
2012-01-20_18-00,28076
2012-01-20_18-30,29265
2012-01-20_19-00,31350
2012-01-20_19-30,31616
2012-01-20_20-00,30866
2012-01-20_20-30,29883
2012-01-20_21-00,29999
2012-01-20_21-30,29754
2012-01-20_22-00,31148
2012-01-20_22-30,30670
2012-01-20_23-00,30619
2012-01-20_23-30,29792
2012-01-21_00-00,28971
2012-01-21_00-30,27046
2012-01-21_01-00,24936
2012-01-21_01-30,22706
2012-01-21_02-00,21135
2012-01-21_02-30,18126
2012-01-21_03-00,15187
2012-01-21_03-30,12391
2012-01-21_04-00,9270
2012-01-21_04-30,5650
2012-01-21_05-00,3743
2012-01-21_05-30,3360
2012-01-21_06-00,3312
2012-01-21_06-30,4121
2012-01-21_07-00,4760
2012-01-21_07-30,6299
2012-01-21_08-00,7382
2012-01-21_08-30,10219
2012-01-21_09-00,10831
2012-01-21_09-30,13828
2012-01-21_10-00,14687
2012-01-21_10-30,16972
2012-01-21_11-00,17488
2012-01-21_11-30,19184
2012-01-21_12-00,20609
2012-01-21_12-30,21505
2012-01-21_13-00,22024
2012-01-21_13-30,21414
2012-01-21_14-00,20804
2012-01-21_14-30,21639
2012-01-21_15-00,21274
2012-01-21_15-30,22372
2012-01-21_16-00,20951
2012-01-21_16-30,19758
2012-01-21_17-00,21400
2012-01-21_17-30,25256
2012-01-21_18-00,26888
2012-01-21_18-30,29262
2012-01-21_19-00,30728
2012-01-21_19-30,29799
2012-01-21_20-00,26528
2012-01-21_20-30,26223
2012-01-21_21-00,25282
2012-01-21_21-30,26501
2012-01-21_22-00,29032
2012-01-21_22-30,31251
2012-01-21_23-00,31675
2012-01-21_23-30,30935
2012-01-22_00-00,29962
2012-01-22_00-30,28742
2012-01-22_01-00,26651
2012-01-22_01-30,23948
2012-01-22_02-00,22405
2012-01-22_02-30,20189
2012-01-22_03-00,18111
2012-01-22_03-30,15675
2012-01-22_04-00,12641
2012-01-22_04-30,6825
2012-01-22_05-00,4316
2012-01-22_05-30,3316
2012-01-22_06-00,2913
2012-01-22_06-30,3364
2012-01-22_07-00,3666
2012-01-22_07-30,4833
2012-01-22_08-00,5951
2012-01-22_08-30,8012
2012-01-22_09-00,9694
2012-01-22_09-30,12882
2012-01-22_10-00,14956
2012-01-22_10-30,17991
2012-01-22_11-00,18819
2012-01-22_11-30,21384
2012-01-22_12-00,22004
2012-01-22_12-30,22863
2012-01-22_13-00,22669
2012-01-22_13-30,22853
2012-01-22_14-00,23501
2012-01-22_14-30,24240
2012-01-22_15-00,22347
2012-01-22_15-30,21485
2012-01-22_16-00,20099
2012-01-22_16-30,20394
2012-01-22_17-00,19997
2012-01-22_17-30,22699
2012-01-22_18-00,25366
2012-01-22_18-30,22833
2012-01-22_19-00,18215
2012-01-22_19-30,16270
2012-01-22_20-00,16619
2012-01-22_20-30,15001
2012-01-22_21-00,13984
2012-01-22_21-30,12382
2012-01-22_22-00,12459
2012-01-22_22-30,21985
2012-01-22_23-00,18433
2012-01-22_23-30,12247
2012-01-23_00-00,9447
2012-01-23_00-30,6978
2012-01-23_01-00,5193
2012-01-23_01-30,4246
2012-01-23_02-00,3463
2012-01-23_02-30,2727
2012-01-23_03-00,2191
2012-01-23_03-30,1924
2012-01-23_04-00,2090
2012-01-23_04-30,2032
2012-01-23_05-00,2436
2012-01-23_05-30,4255
2012-01-23_06-00,6820
2012-01-23_06-30,11495
2012-01-23_07-00,14887
2012-01-23_07-30,19038
2012-01-23_08-00,21268
2012-01-23_08-30,21993
2012-01-23_09-00,21098
2012-01-23_09-30,19608
2012-01-23_10-00,18722
2012-01-23_10-30,17695
2012-01-23_11-00,16957
2012-01-23_11-30,17840
2012-01-23_12-00,17716
2012-01-23_12-30,17684
2012-01-23_13-00,15759
2012-01-23_13-30,16879
2012-01-23_14-00,18285
2012-01-23_14-30,19971
2012-01-23_15-00,19338
2012-01-23_15-30,18386
2012-01-23_16-00,17670
2012-01-23_16-30,18999
2012-01-23_17-00,21023
2012-01-23_17-30,23462
2012-01-23_18-00,25755
2012-01-23_18-30,25320
2012-01-23_19-00,24535
2012-01-23_19-30,23655
2012-01-23_20-00,22412
2012-01-23_20-30,21059
2012-01-23_21-00,18956
2012-01-23_21-30,17481
2012-01-23_22-00,16626
2012-01-23_22-30,15514
2012-01-23_23-00,12624
2012-01-23_23-30,10542
2012-01-24_00-00,8810
2012-01-24_00-30,6630
2012-01-24_01-00,4831
2012-01-24_01-30,3756
2012-01-24_02-00,3040
2012-01-24_02-30,2499
2012-01-24_03-00,2056
2012-01-24_03-30,1863
2012-01-24_04-00,1796
2012-01-24_04-30,1678
2012-01-24_05-00,1986
2012-01-24_05-30,4094
2012-01-24_06-00,6159
2012-01-24_06-30,11435
2012-01-24_07-00,15247
2012-01-24_07-30,20472
2012-01-24_08-00,22524
2012-01-24_08-30,23601
2012-01-24_09-00,21761
2012-01-24_09-30,20447
2012-01-24_10-00,17853
2012-01-24_10-30,17927
2012-01-24_11-00,16420
2012-01-24_11-30,18344
2012-01-24_12-00,18503
2012-01-24_12-30,18320
2012-01-24_13-00,16944
2012-01-24_13-30,18757
2012-01-24_14-00,18668
2012-01-24_14-30,20303
2012-01-24_15-00,19867
2012-01-24_15-30,19014
2012-01-24_16-00,17316
2012-01-24_16-30,16833
2012-01-24_17-00,18815
2012-01-24_17-30,21619
2012-01-24_18-00,25215
2012-01-24_18-30,26466
2012-01-24_19-00,26727
2012-01-24_19-30,25390
2012-01-24_20-00,25336
2012-01-24_20-30,24871
2012-01-24_21-00,24185
2012-01-24_21-30,24411
2012-01-24_22-00,22990
2012-01-24_22-30,20233
2012-01-24_23-00,17321
2012-01-24_23-30,13958
2012-01-25_00-00,11028
2012-01-25_00-30,8489
2012-01-25_01-00,6641
2012-01-25_01-30,5029
2012-01-25_02-00,4495
2012-01-25_02-30,3311
2012-01-25_03-00,2798
2012-01-25_03-30,2433
2012-01-25_04-00,2341
2012-01-25_04-30,1998
2012-01-25_05-00,2115
2012-01-25_05-30,4004
2012-01-25_06-00,6433
2012-01-25_06-30,11803
2012-01-25_07-00,15990
2012-01-25_07-30,20962
2012-01-25_08-00,23305
2012-01-25_08-30,24016
2012-01-25_09-00,22759
2012-01-25_09-30,21659
2012-01-25_10-00,19054
2012-01-25_10-30,18457
2012-01-25_11-00,17572
2012-01-25_11-30,19115
2012-01-25_12-00,19704
2012-01-25_12-30,18923
2012-01-25_13-00,17903
2012-01-25_13-30,19742
2012-01-25_14-00,19674
2012-01-25_14-30,20415
2012-01-25_15-00,21084
2012-01-25_15-30,20032
2012-01-25_16-00,17697
2012-01-25_16-30,17095
2012-01-25_17-00,19942
2012-01-25_17-30,23561
2012-01-25_18-00,26920
2012-01-25_18-30,28222
2012-01-25_19-00,29269
2012-01-25_19-30,28622
2012-01-25_20-00,27548
2012-01-25_20-30,26596
2012-01-25_21-00,26717
2012-01-25_21-30,26547
2012-01-25_22-00,25614
2012-01-25_22-30,23643
2012-01-25_23-00,21085
2012-01-25_23-30,16498
2012-01-26_00-00,13735
2012-01-26_00-30,10769
2012-01-26_01-00,8276
2012-01-26_01-30,6339
2012-01-26_02-00,4937
2012-01-26_02-30,4176
2012-01-26_03-00,3240
2012-01-26_03-30,2673
2012-01-26_04-00,2771
2012-01-26_04-30,2237
2012-01-26_05-00,2462
2012-01-26_05-30,4060
2012-01-26_06-00,6722
2012-01-26_06-30,12298
2012-01-26_07-00,16176
2012-01-26_07-30,21265
2012-01-26_08-00,23506
2012-01-26_08-30,23810
2012-01-26_09-00,22598
2012-01-26_09-30,21241
2012-01-26_10-00,19337
2012-01-26_10-30,19592
2012-01-26_11-00,17963
2012-01-26_11-30,21004
2012-01-26_12-00,21843
2012-01-26_12-30,22238
2012-01-26_13-00,19740
2012-01-26_13-30,22065
2012-01-26_14-00,22541
2012-01-26_14-30,22630
2012-01-26_15-00,22703
2012-01-26_15-30,20173
2012-01-26_16-00,17766
2012-01-26_16-30,16145
2012-01-26_17-00,19015
2012-01-26_17-30,22842
2012-01-26_18-00,25704
2012-01-26_18-30,27277
2012-01-26_19-00,29597
2012-01-26_19-30,30762
2012-01-26_20-00,28012
2012-01-26_20-30,27191
2012-01-26_21-00,27901
2012-01-26_21-30,28263
2012-01-26_22-00,27854
2012-01-26_22-30,26877
2012-01-26_23-00,24201
2012-01-26_23-30,21038
2012-01-27_00-00,17504
2012-01-27_00-30,13685
2012-01-27_01-00,10997
2012-01-27_01-30,8979
2012-01-27_02-00,7363
2012-01-27_02-30,6230
2012-01-27_03-00,5058
2012-01-27_03-30,3980
2012-01-27_04-00,3840
2012-01-27_04-30,3005
2012-01-27_05-00,2609
2012-01-27_05-30,4053
2012-01-27_06-00,6610
2012-01-27_06-30,11720
2012-01-27_07-00,16042
2012-01-27_07-30,21851
2012-01-27_08-00,23929
2012-01-27_08-30,24203
2012-01-27_09-00,22574
2012-01-27_09-30,21531
2012-01-27_10-00,21140
2012-01-27_10-30,22563
2012-01-27_11-00,18293
2012-01-27_11-30,20170
2012-01-27_12-00,20476
2012-01-27_12-30,19181
2012-01-27_13-00,17924
2012-01-27_13-30,19781
2012-01-27_14-00,20137
2012-01-27_14-30,21948
2012-01-27_15-00,19919
2012-01-27_15-30,17962
2012-01-27_16-00,17290
2012-01-27_16-30,16519
2012-01-27_17-00,19201
2012-01-27_17-30,23234
2012-01-27_18-00,26089
2012-01-27_18-30,28314
2012-01-27_19-00,30547
2012-01-27_19-30,31495
2012-01-27_20-00,30113
2012-01-27_20-30,29244
2012-01-27_21-00,28972
2012-01-27_21-30,28882
2012-01-27_22-00,30387
2012-01-27_22-30,30883
2012-01-27_23-00,30661
2012-01-27_23-30,30649
2012-01-28_00-00,29465
2012-01-28_00-30,27691
2012-01-28_01-00,25091
2012-01-28_01-30,22977
2012-01-28_02-00,21518
2012-01-28_02-30,19464
2012-01-28_03-00,16000
2012-01-28_03-30,14795
2012-01-28_04-00,11824
2012-01-28_04-30,7042
2012-01-28_05-00,4428
2012-01-28_05-30,3816
2012-01-28_06-00,3259
2012-01-28_06-30,4155
2012-01-28_07-00,4719
2012-01-28_07-30,6610
2012-01-28_08-00,8253
2012-01-28_08-30,11556
2012-01-28_09-00,12059
2012-01-28_09-30,16137
2012-01-28_10-00,15807
2012-01-28_10-30,18845
2012-01-28_11-00,19358
2012-01-28_11-30,21520
2012-01-28_12-00,21517
2012-01-28_12-30,22765
2012-01-28_13-00,22790
2012-01-28_13-30,22833
2012-01-28_14-00,21959
2012-01-28_14-30,22518
2012-01-28_15-00,22579
2012-01-28_15-30,22972
2012-01-28_16-00,21681
2012-01-28_16-30,20084
2012-01-28_17-00,20672
2012-01-28_17-30,25160
2012-01-28_18-00,27610
2012-01-28_18-30,29431
2012-01-28_19-00,31024
2012-01-28_19-30,30576
2012-01-28_20-00,28966
2012-01-28_20-30,28159
2012-01-28_21-00,27624
2012-01-28_21-30,28960
2012-01-28_22-00,30891
2012-01-28_22-30,32392
2012-01-28_23-00,32722
2012-01-28_23-30,31867
2012-01-29_00-00,31095
2012-01-29_00-30,29884
2012-01-29_01-00,28079
2012-01-29_01-30,25732
2012-01-29_02-00,24639
2012-01-29_02-30,22189
2012-01-29_03-00,19950
2012-01-29_03-30,17853
2012-01-29_04-00,14783
2012-01-29_04-30,8426
2012-01-29_05-00,5318
2012-01-29_05-30,3644
2012-01-29_06-00,3227
2012-01-29_06-30,3591
2012-01-29_07-00,3748
2012-01-29_07-30,5097
2012-01-29_08-00,6303
2012-01-29_08-30,8846
2012-01-29_09-00,9758
2012-01-29_09-30,13051
2012-01-29_10-00,14878
2012-01-29_10-30,17842
2012-01-29_11-00,18342
2012-01-29_11-30,19987
2012-01-29_12-00,21258
2012-01-29_12-30,21941
2012-01-29_13-00,22227
2012-01-29_13-30,22298
2012-01-29_14-00,22555
2012-01-29_14-30,21228
2012-01-29_15-00,20524
2012-01-29_15-30,20714
2012-01-29_16-00,20137
2012-01-29_16-30,19593
2012-01-29_17-00,19222
2012-01-29_17-30,21409
2012-01-29_18-00,22427
2012-01-29_18-30,22483
2012-01-29_19-00,20795
2012-01-29_19-30,19289
2012-01-29_20-00,17357
2012-01-29_20-30,17173
2012-01-29_21-00,16373
2012-01-29_21-30,16229
2012-01-29_22-00,15281
2012-01-29_22-30,13233
2012-01-29_23-00,11544
2012-01-29_23-30,9677
2012-01-30_00-00,7950
2012-01-30_00-30,6191
2012-01-30_01-00,4415
2012-01-30_01-30,3795
2012-01-30_02-00,3104
2012-01-30_02-30,2388
2012-01-30_03-00,2103
2012-01-30_03-30,1858
2012-01-30_04-00,2140
2012-01-30_04-30,2059
2012-01-30_05-00,2510
2012-01-30_05-30,4199
2012-01-30_06-00,6884
2012-01-30_06-30,11837
2012-01-30_07-00,15264
2012-01-30_07-30,19758
2012-01-30_08-00,21886
2012-01-30_08-30,22484
2012-01-30_09-00,21365
2012-01-30_09-30,19959
2012-01-30_10-00,17839
2012-01-30_10-30,17504
2012-01-30_11-00,16392
2012-01-30_11-30,17625
2012-01-30_12-00,17961
2012-01-30_12-30,17932
2012-01-30_13-00,16369
2012-01-30_13-30,18373
2012-01-30_14-00,18379
2012-01-30_14-30,19958
2012-01-30_15-00,19903
2012-01-30_15-30,19286
2012-01-30_16-00,17714
2012-01-30_16-30,17211
2012-01-30_17-00,19575
2012-01-30_17-30,22385
2012-01-30_18-00,25550
2012-01-30_18-30,26093
2012-01-30_19-00,25698
2012-01-30_19-30,24783
2012-01-30_20-00,23428
2012-01-30_20-30,22099
2012-01-30_21-00,21978
2012-01-30_21-30,20620
2012-01-30_22-00,19674
2012-01-30_22-30,16479
2012-01-30_23-00,14634
2012-01-30_23-30,11276
2012-01-31_00-00,9157
2012-01-31_00-30,7172
2012-01-31_01-00,5253
2012-01-31_01-30,4084
2012-01-31_02-00,3282
2012-01-31_02-30,2766
2012-01-31_03-00,2242
2012-01-31_03-30,1865
2012-01-31_04-00,1831
2012-01-31_04-30,1710
2012-01-31_05-00,1985
2012-01-31_05-30,3851
2012-01-31_06-00,6641
2012-01-31_06-30,11711
2012-01-31_07-00,16277
2012-01-31_07-30,21171
2012-01-31_08-00,22865
2012-01-31_08-30,23756
2012-01-31_09-00,22836
2012-01-31_09-30,21686
2012-01-31_10-00,18552
2012-01-31_10-30,18713
2012-01-31_11-00,17260
2012-01-31_11-30,18844
2012-01-31_12-00,18369
2012-01-31_12-30,18303
2012-01-31_13-00,17317
2012-01-31_13-30,19120
2012-01-31_14-00,19234
2012-01-31_14-30,20056
2012-01-31_15-00,20195
2012-01-31_15-30,18795
2012-01-31_16-00,16872
2012-01-31_16-30,16371
2012-01-31_17-00,18066
2012-01-31_17-30,21924
2012-01-31_18-00,24105
2012-01-31_18-30,26016
2012-01-31_19-00,26110
2012-01-31_19-30,25459
2012-01-31_20-00,24702
2012-01-31_20-30,23915
2012-01-31_21-00,24364
2012-01-31_21-30,24422
2012-01-31_22-00,23902
2012-01-31_22-30,20582
2012-01-31_23-00,17220
2012-01-31_23-30,14877
